dataset,issue,action,affected_rows,reason
Orders,Duplicate order record,Deduplicated,0,Duplicate order_id records are not valid independent transactions
Orders,Missing customer ID,Removed,50,Customer could not be reliably identified
Orders,Invalid customer reference,Removed,0,Customer ID did not exist in customer master data
Orders,Invalid restaurant reference,Removed,25,Restaurant ID did not exist in restaurant master data
Orders,Incorrect discount,Removed,30,Discount must be non-negative and cannot exceed the order subtotal
Orders,Invalid transaction date,Removed,20,Order date fell outside the dataset transaction period
Order Items,Duplicate order-line record,Deduplicated,100,Duplicate order_item_id records are not valid independent order lines
Order Items,Invalid quantity,Removed,50,Order item quantity must be at least 1
Order Items,Invalid menu item reference,Removed,30,Menu item ID did not exist in cleaned menu item data
Order Items,Invalid order dependency,Removed,1233,Referenced order did not survive order cleaning
Menu Items,Invalid base price,Corrected,10,"Price reconstructed using restaurant pricing when cost-safe, otherwise ingredient cost and observed average markup"
Inventory,Inconsistent unit,Corrected,30,Unit standardized using ingredient master data
Inventory,Impossible quantity,Removed,25,Inventory quantities and unit cost must represent a valid inventory batch
Ratings,Invalid rating,Removed,50,Rating must be between 1 and 5
Ratings,Invalid order dependency,Removed,143,Referenced order did not survive order cleaning
Wastage,Invalid ingredient reference,Removed,20,Ingredient ID did not exist in cleaned ingredient data
Wastage,Invalid inventory dependency,Removed,63,Referenced inventory batch did not survive inventory cleaning
Wastage,Inconsistent unit,Corrected,25,Unit standardized using ingredient master data
Wastage,Invalid cost,Corrected,494,Cost recalculated as quantity multiplied by unit cost
