menu_items_id,cat_id,name,base_price,base_cost,prep_time_minutes,introduced_date,discontinued_date
1,1,Masala Chicken Rolls,630,180.0,8,2024-06-20,
2,2,Tikka Beef Boti,520,190.0,15,2023-04-23,
3,3,Double Zinger Sandwich,670,200.0,10,2022-12-14,
4,4,Dhaba Style Paneer Handi,1400,520.0,20,2025-08-06,
5,5,Dum Beef Tehari,430,130.0,28,2023-10-01,
6,6,Spicy Arrabbiata Beef Chowmein,720,230.0,18,2026-06-02,
7,7,Chicken Tikka Special Pizza,1770,560.0,13,2023-03-07,
8,8,Rabri Kheer,470,130.0,6,2024-05-27,
9,9,Karak Qehwa,260,70.0,4,2023-08-06,
10,10,Strawberry Shake,380,110.0,3,2026-05-06,
11,11,Seekh Kebab Paratha,450,160.0,9,2023-12-31,
12,12,Chana Daal Mash,300,110.0,13,2022-11-25,
13,1,Masala Fries,270,90.0,7,2025-07-20,
14,2,Behari Beef Boti,1290,430.0,21,2023-04-05,
15,3,Smoky Club Sandwich,620,180.0,11,2022-12-09,
16,4,Achari Mutton Karahi,1300,460.0,34,2023-11-15,
17,5,Sindhi Chicken Tehari,1300,390.0,28,2023-06-18,
18,6,Chilli Garlic Beef Noodles,600,200.0,14,2023-01-07,
19,7,Achari Chicken Supreme Pizza,980,290.0,18,2026-07-10,
20,8,Shahi Ice Cream,280,100.0,5,2022-10-06,
21,9,Cappuccino Chai,140,50.0,5,2024-04-09,
22,10,Fresh Lime Margarita,270,90.0,4,2025-06-08,
23,11,Chicken Paratha,440,150.0,14,2023-03-06,
24,12,Aloo Daal Chana,430,130.0,16,2023-03-09,
25,1,Tandoori Samosa Bites,430,140.0,11,2026-04-16,
26,2,Reshmi Sajji,1480,500.0,27,2023-10-15,
27,3,Crispy Beef Wrap,460,160.0,13,2026-05-23,
28,4,Makhni Mutton Handi,1430,520.0,31,2022-12-17,
29,5,Sindhi Chicken Pulao,1100,320.0,28,2022-11-12,
30,6,Chilli Garlic Chicken Pasta,690,250.0,14,2025-11-05,
31,7,Malai Boti Pizza,2020,740.0,21,2024-04-28,
32,8,Chocolate Brownie,430,140.0,5,2023-11-14,
33,9,Adrak Chai,230,70.0,4,2024-01-13,
34,10,Classic Lassi,270,90.0,3,2024-02-07,
35,11,Aloo Roll,260,90.0,9,2024-10-21,
36,12,Daal Chana Masala,300,100.0,17,2023-06-17,
37,1,Loaded Samosa Bites,490,150.0,8,2022-09-11,
38,2,Peshawari Sajji,1470,450.0,26,2022-10-09,
39,3,Loaded Chicken Wrap,580,160.0,14,2025-07-27,
40,4,Dhaba Style Chicken Karahi,660,230.0,29,2025-02-06,
41,5,Dum Mutton Pulao,820,250.0,19,2023-10-01,
42,6,Cheesy Baked Vegetable Chowmein,1020,360.0,18,2025-11-19,
43,7,Hawaiian Supreme Pizza,1450,450.0,12,2022-12-09,
44,8,Warm Kulfi,680,210.0,10,2025-08-11,
45,9,Karak Chai,260,90.0,6,2023-03-17,
46,10,Strawberry Sharbat,170,60.0,4,2026-01-05,
47,11,Aloo Paratha,560,170.0,7,2023-10-26,
48,12,Mix Veg Salad,430,130.0,14,2023-09-29,
49,1,Honey Mustard Fries,450,150.0,5,2024-03-12,
50,2,Malai Sajji,1770,540.0,23,2023-03-13,
51,3,Zafrani Steak Wrap,850,290.0,10,2024-04-06,
52,4,Lahori Mutton Handi,1310,430.0,28,2023-01-29,
53,5,Nawabi Chicken Rice,1340,490.0,16,2025-03-15,
54,6,Schezwan Chicken Spaghetti,1040,300.0,17,2023-12-22,
55,7,Pepperoni Special Pizza,1060,340.0,17,2026-02-16,
56,8,Chocolate Ice Cream,340,130.0,5,2024-05-26,
57,9,Elaichi Chai,260,80.0,6,2024-01-30,
58,10,Mango Sharbat,250,90.0,4,2023-09-20,
59,11,Chicken Roll,330,110.0,14,2025-12-30,
60,12,Palak Chutney,310,100.0,12,2024-08-22,
61,1,Loaded Chicken Rolls,350,120.0,12,2022-09-04,
62,2,Tikka Sajji,1130,340.0,29,2025-04-28,
63,3,Classic Beef Wrap,420,140.0,12,2023-04-25,
64,4,Green Chilli Mutton Handi,1110,330.0,22,2023-08-05,
65,5,Nawabi Mutton Pulao,1050,390.0,27,2025-11-02,
66,6,White Sauce Vegetable Spaghetti,1050,330.0,19,2024-11-03,
67,7,Chicken Tikka Supreme Pizza,1280,390.0,12,2025-07-05,
68,8,Caramel Kulfi,260,80.0,8,2024-09-01,
69,9,Karak Coffee,140,50.0,7,2025-04-02,
70,10,Classic Lemonade,460,160.0,3,2026-02-10,
71,11,Spicy Chicken Wrap,510,170.0,6,2024-11-14,
72,12,Aloo Chana Masala,440,150.0,17,2026-02-28,
73,1,Loaded Fries,330,100.0,9,2023-08-31,
74,2,Angara Chicken Chargha,1380,440.0,24,2026-01-31,
75,3,Loaded Beef Cheese Burger,800,260.0,10,2023-06-12,
76,4,Lahori Mutton Karahi,1580,580.0,32,2025-04-29,
77,5,Bombay Beef Pulao,620,230.0,22,2023-08-13,
78,6,Peri Peri Chicken Chowmein,970,270.0,19,2023-05-22,
79,7,BBQ Chicken Pizza,1980,590.0,20,2025-11-13,
80,8,Kesar Pista Ice Cream,420,130.0,8,2025-10-17,
81,9,Green Qehwa,240,70.0,8,2026-03-28,
82,10,Mango Lassi,290,90.0,4,2023-09-14,
83,11,Achari Paratha,260,90.0,8,2025-09-10,
84,12,Raita Raita,430,130.0,18,2024-04-14,
85,1,Masala Cheese Sticks,510,160.0,9,2024-07-17,
86,2,Chargha Style Kebab,1690,630.0,24,2024-07-14,
87,3,Spicy Beef Wrap,360,120.0,12,2026-03-28,
88,4,Green Chilli Chicken Balti,1300,470.0,25,2022-10-09,
89,5,Special VIP Prawn Tehari,680,250.0,19,2025-03-17,
90,6,Cheesy Baked Prawn Noodles,760,250.0,19,2025-01-04,
91,7,Mughlai Pizza,1220,370.0,13,2025-01-30,
92,8,Chocolate Ras Malai,360,130.0,10,2026-02-25,
93,9,Peshawari Qehwa Chai,230,70.0,4,2024-03-29,
94,10,Chocolate Lemonade,170,50.0,6,2023-07-14,
95,11,Beef Roll,270,90.0,10,2026-05-09,
96,12,Palak Raita,210,70.0,15,2023-12-08,
97,1,Peri Peri Fries,460,170.0,5,2023-04-16,
98,2,Achari Kebab,540,170.0,19,2024-03-04,
99,3,Grilled Beef Wrap,770,240.0,15,2025-08-12,
100,4,Dhaba Style Mutton Karahi,820,260.0,27,2025-12-16,
101,5,Sindhi Prawn Tehari,1120,360.0,28,2022-12-13,
102,6,Chinese Style Beef Chowmein,700,200.0,15,2024-10-10,
103,7,Pepperoni Supreme Pizza,1360,390.0,22,2022-12-03,
104,8,Lotus Biscoff Ras Malai,610,230.0,4,2023-03-09,
105,9,Espresso Tea,160,60.0,7,2023-06-26,
106,10,Mint Lassi,360,120.0,4,2026-02-10,
107,11,Achari Frankie,460,160.0,9,2025-09-04,
108,12,Aloo Chutney,200,70.0,14,2024-01-06,
109,1,Loaded Spring Rolls,580,170.0,12,2024-10-17,
110,2,Tikka Tikka Leg Piece,570,200.0,15,2024-12-07,
111,3,Spicy Bihari Boti Sandwich,760,220.0,10,2026-04-19,
112,4,Peshawari Paneer Handi,580,190.0,25,2023-01-20,
113,5,Bombay Beef Biryani,680,250.0,24,2025-07-20,
114,6,Chinese Style Chicken Spaghetti,960,360.0,15,2023-05-02,
115,7,Karahi Supreme Pizza,1700,590.0,12,2023-03-07,
116,8,Rabri Ice Cream,380,120.0,4,2024-04-03,
117,9,Kashmiri Tea,230,80.0,3,2024-04-04,
118,10,Classic Margarita,310,110.0,3,2026-08-02,
119,11,Beef Paratha,280,80.0,13,2025-11-24,
120,12,Mix Veg Chutney,200,70.0,12,2026-08-08,
121,1,Garlic Nuggets,310,100.0,7,2024-02-26,
122,2,Behari Chops,630,220.0,28,2023-03-29,
123,3,Loaded Zinger Wrap,540,190.0,15,2023-10-16,
124,4,Green Chilli Mutton Balti,1090,330.0,28,2025-01-16,
125,5,Special VIP Mutton Pulao,1330,410.0,18,2025-02-12,
126,6,Chilli Garlic Beef Chowmein,530,200.0,15,2025-04-19,
127,7,Spicy Sausage Pizza,1260,350.0,16,2023-09-23,
128,8,Kesar Pista Gulab Jamun,300,100.0,7,2026-04-30,
129,9,Adrak Coffee,120,40.0,4,2022-09-03,
130,10,Mint Soda,460,130.0,4,2026-05-22,
131,11,Beef Frankie,490,170.0,15,2025-11-11,
132,12,Mix Veg Raita,330,110.0,16,2024-10-24,
133,1,Crispy Pakora,450,140.0,8,2024-09-04,
134,2,Chargha Style Chicken Chargha,1460,440.0,29,2023-03-11,
135,3,Double Bihari Boti Wrap,670,250.0,12,2023-07-15,
136,4,Makhni Chicken Handi,1260,360.0,35,2022-09-21,
137,5,Kachay Gosht Ki Mutton Rice,1360,510.0,28,2025-11-23,
138,6,Cheesy Baked Beef Spaghetti,1070,340.0,18,2023-02-06,
139,7,Tandoori Special Pizza,1870,640.0,12,2024-05-20,
140,8,Caramel Ice Cream,250,70.0,9,2023-01-21,
141,9,Cappuccino Tea,250,80.0,8,2026-05-21,
142,10,Rose Shake,350,120.0,3,2025-01-11,
143,11,Achari Wrap,260,90.0,14,2024-11-21,
144,12,Palak Daal Mash,420,130.0,11,2022-10-12,
145,1,Loaded Cheese Sticks,580,200.0,12,2023-12-24,
146,2,Chargha Style Sajji,850,300.0,27,2025-12-10,
147,3,Zafrani Bihari Boti Cheese Burger,420,150.0,14,2025-11-15,
148,4,Achari Mutton Handi,940,300.0,18,2026-03-12,
149,5,Hyderabadi Chicken Biryani,430,140.0,28,2022-12-16,
150,6,Chilli Garlic Chicken Spaghetti,970,350.0,11,2023-02-08,
