menu_item_ingredient_id,menu_item_id,ingredient_id,quantity_required
1,1,6,0.074
2,1,48,0.03
3,1,17,0.141
4,1,33,0.264
5,2,1,0.285
6,2,44,0.011
7,2,30,0.274
8,2,48,0.007
9,3,1,0.232
10,3,39,0.048
11,3,21,1.0
12,3,17,0.208
13,4,40,0.011
14,4,28,0.033
15,4,8,0.044
16,4,33,0.226
17,5,4,0.26
18,5,16,0.232
19,5,33,0.215
20,6,19,0.129
21,6,1,0.264
22,6,27,0.113
23,6,30,0.073
24,7,34,0.045
25,7,1,0.18
26,7,27,0.055
27,7,43,0.012
28,7,24,1.0
29,8,41,0.038
30,8,29,0.27
31,8,30,0.029
32,9,49,0.01
33,9,41,0.018
34,9,29,0.163
35,10,55,0.234
36,10,41,0.016
37,11,1,0.271
38,11,23,1.0
39,11,33,0.1
40,12,6,0.124
41,12,8,0.155
42,12,10,0.194
43,13,1,0.3
44,13,44,0.006
45,13,17,0.173
46,13,33,0.285
47,14,47,0.003
48,14,1,0.1
49,14,44,0.013
50,14,33,0.121
51,15,1,0.251
52,15,27,0.141
53,15,38,0.041
54,15,17,0.099
55,15,21,1.0
56,16,8,0.146
57,16,3,0.229
58,16,43,0.013
59,16,33,0.137
60,17,1,0.163
61,17,44,0.007
62,17,31,0.145
63,17,16,0.129
64,18,1,0.148
65,18,27,0.026
66,18,19,0.242
67,19,34,0.01
68,19,1,0.286
69,19,27,0.053
70,19,30,0.151
71,19,24,1.0
72,20,41,0.013
73,20,29,0.13
74,20,51,0.045
75,20,30,0.16
76,21,49,0.005
77,21,41,0.014
78,21,29,0.21
79,22,41,0.033
80,22,31,0.06
81,23,2,0.18
82,23,22,1.0
83,23,33,0.29
84,23,48,0.006
85,24,7,0.175
86,24,20,0.087
87,24,15,0.084
88,25,1,0.234
89,25,39,0.013
90,25,17,0.104
91,25,33,0.282
92,26,2,0.135
93,26,44,0.009
94,26,43,0.003
95,26,48,0.016
96,27,27,0.057
97,27,22,1.0
98,27,2,0.161
99,27,38,0.034
100,27,21,1.0
101,28,2,0.181
102,28,8,0.102
103,28,31,0.138
104,28,33,0.18
105,29,44,0.015
106,29,16,0.09
107,29,3,0.229
108,29,30,0.049
109,30,4,0.142
110,30,37,0.013
111,30,18,0.192
112,30,48,0.022
113,31,34,0.033
114,31,24,1.0
115,31,27,0.101
116,32,41,0.022
117,32,51,0.03
118,32,17,0.164
119,32,30,0.187
120,33,49,0.009
121,33,41,0.016
122,34,52,0.129
123,34,41,0.011
124,34,29,0.099
125,34,51,0.044
126,35,2,0.128
127,35,48,0.008
128,35,23,1.0
129,35,33,0.178
130,35,44,0.008
131,36,7,0.154
132,36,8,0.116
133,36,20,0.13
134,36,11,0.035
135,37,1,0.21
136,37,37,0.039
137,37,17,0.217
138,37,33,0.118
139,38,1,0.124
140,38,44,0.011
141,38,48,0.028
142,39,2,0.146
143,39,39,0.031
144,39,21,1.0
145,39,35,0.03
146,40,8,0.059
147,40,3,0.199
148,40,43,0.015
149,40,33,0.297
150,41,4,0.277
151,41,45,0.013
152,41,16,0.064
153,41,30,0.29
154,42,37,0.05
155,42,48,0.013
156,42,18,0.227
157,42,14,0.145
158,43,34,0.044
159,43,1,0.197
160,43,27,0.045
161,43,46,0.008
162,43,24,1.0
163,44,41,0.021
164,44,29,0.042
165,44,16,0.224
166,45,49,0.008
167,45,50,0.006
168,45,41,0.014
169,45,29,0.2
170,46,52,0.073
171,46,53,0.128
172,46,41,0.011
173,46,29,0.246
174,47,1,0.122
175,47,33,0.14
176,47,30,0.236
177,47,23,1.0
178,48,31,0.146
179,49,6,0.068
180,49,27,0.054
181,49,17,0.068
182,49,33,0.266
183,50,1,0.263
184,50,44,0.01
185,50,27,0.081
186,50,33,0.231
187,51,2,0.217
188,51,21,1.0
189,51,35,0.027
190,51,38,0.05
191,52,1,0.246
192,52,8,0.102
193,52,44,0.015
194,52,33,0.094
195,53,1,0.188
196,53,31,0.091
197,53,16,0.182
198,54,2,0.286
199,54,37,0.035
200,54,18,0.088
201,55,34,0.02
202,55,1,0.166
203,55,27,0.028
204,55,2,0.227
205,55,5,0.197
206,55,24,1.0
207,56,41,0.015
208,56,51,0.036
209,56,17,0.084
210,56,30,0.211
211,57,49,0.004
212,57,41,0.012
213,57,29,0.298
214,58,53,0.291
215,58,41,0.029
216,59,1,0.204
217,59,23,1.0
218,59,33,0.268
219,60,8,0.162
220,60,10,0.171
221,60,31,0.14
222,61,27,0.023
223,61,39,0.019
224,61,17,0.142
225,61,33,0.222
226,62,2,0.244
227,62,44,0.006
228,62,43,0.005
229,62,48,0.023
230,63,1,0.271
231,63,27,0.085
232,63,39,0.049
233,63,21,1.0
234,64,2,0.119
235,64,8,0.064
236,64,32,0.142
237,64,33,0.197
238,65,4,0.238
239,65,44,0.012
240,65,16,0.164
241,65,33,0.275
242,66,32,0.105
243,66,4,0.226
244,66,18,0.092
245,66,30,0.101
246,67,34,0.04
247,67,24,1.0
248,67,27,0.065
249,67,5,0.131
250,68,32,0.136
251,68,28,0.148
252,68,41,0.034
253,68,29,0.142
254,69,49,0.008
255,69,41,0.032
256,70,55,0.021
257,70,53,0.234
258,71,6,0.175
259,71,23,1.0
260,71,33,0.15
261,72,20,0.106
262,72,31,0.033
263,73,33,0.064
264,73,25,1.0
265,73,27,0.044
266,73,14,0.137
267,74,40,0.008
268,74,1,0.117
269,74,44,0.014
270,74,43,0.014
271,75,1,0.273
272,75,21,1.0
273,75,17,0.118
274,75,47,0.013
275,76,1,0.124
276,76,8,0.106
277,76,31,0.127
278,76,33,0.205
279,77,44,0.014
280,77,3,0.23
281,77,16,0.107
282,77,33,0.104
283,78,34,0.034
284,78,19,0.146
285,78,43,0.012
286,78,14,0.118
287,79,34,0.026
288,79,1,0.221
289,79,27,0.086
290,79,46,0.002
291,79,24,1.0
292,80,41,0.038
293,80,29,0.061
294,80,17,0.132
295,80,30,0.255
296,81,49,0.007
297,81,41,0.013
298,81,29,0.174
299,82,53,0.149
300,82,41,0.039
301,82,51,0.077
302,83,2,0.218
303,83,22,1.0
304,83,48,0.023
305,84,14,0.096
306,84,20,0.115
307,84,15,0.2
308,85,40,0.012
309,85,6,0.081
310,85,39,0.024
311,85,33,0.168
312,86,1,0.241
313,86,44,0.011
314,86,33,0.263
315,87,35,0.035
316,87,1,0.179
317,87,39,0.013
318,87,21,1.0
319,88,28,0.082
320,88,30,0.215
321,88,32,0.088
322,88,33,0.085
323,88,8,0.157
324,89,45,0.004
325,89,16,0.068
326,89,3,0.182
327,89,31,0.051
328,90,2,0.15
329,90,27,0.048
330,90,19,0.246
331,90,30,0.051
332,91,34,0.033
333,91,1,0.187
334,91,27,0.132
335,91,46,0.003
336,91,24,1.0
337,92,52,0.117
338,92,41,0.03
339,92,29,0.156
340,93,49,0.008
341,93,50,0.02
342,93,41,0.028
343,93,29,0.189
344,94,55,0.106
345,94,41,0.021
346,95,6,0.071
347,95,33,0.05
348,95,22,1.0
349,96,7,0.193
350,96,20,0.24
351,97,1,0.258
352,97,17,0.051
353,97,33,0.133
354,98,1,0.2
355,98,46,0.006
356,98,31,0.124
357,98,30,0.155
358,99,22,1.0
359,99,2,0.124
360,99,30,0.28
361,99,35,0.036
362,99,21,1.0
363,100,40,0.009
364,100,28,0.086
365,100,8,0.169
366,100,33,0.263
367,101,4,0.299
368,101,44,0.005
369,101,31,0.135
370,101,16,0.146
371,102,19,0.159
372,102,36,0.032
373,102,43,0.003
374,102,14,0.048
375,103,34,0.019
376,103,1,0.264
377,103,27,0.128
378,103,46,0.013
379,103,24,1.0
380,104,41,0.03
381,104,29,0.196
382,104,17,0.185
383,104,30,0.041
384,105,49,0.009
385,105,50,0.007
386,105,41,0.012
387,105,29,0.261
388,106,55,0.128
389,106,53,0.099
390,107,1,0.2
391,107,33,0.195
392,107,30,0.067
393,107,22,1.0
394,108,8,0.094
395,108,10,0.17
396,108,13,0.055
397,109,47,0.012
398,109,1,0.235
399,109,17,0.184
400,109,33,0.065
401,110,2,0.287
402,110,47,0.013
403,110,44,0.01
404,110,48,0.025
405,111,2,0.297
406,111,22,1.0
407,111,33,0.159
408,111,48,0.028
409,112,32,0.06
410,112,8,0.084
411,112,3,0.201
412,112,33,0.14
413,113,44,0.012
414,113,16,0.093
415,113,3,0.128
416,113,30,0.199
417,114,4,0.142
418,114,37,0.037
419,114,19,0.11
420,115,34,0.019
421,115,1,0.261
422,115,27,0.087
423,115,2,0.106
424,115,5,0.143
425,115,24,1.0
426,116,41,0.027
427,116,29,0.232
428,116,17,0.088
429,117,49,0.005
430,117,41,0.028
431,117,29,0.05
432,118,54,0.055
433,118,41,0.032
434,118,53,0.11
435,118,55,0.298
436,119,1,0.243
437,119,43,0.002
438,119,22,1.0
439,120,12,0.076
440,120,7,0.082
441,120,8,0.087
442,120,11,0.065
443,121,40,0.007
444,121,6,0.164
445,121,27,0.143
446,121,33,0.037
447,122,1,0.182
448,122,46,0.008
449,122,27,0.128
450,122,31,0.139
451,123,1,0.143
452,123,37,0.026
453,123,39,0.025
454,123,21,1.0
455,124,2,0.169
456,124,44,0.014
457,124,8,0.061
458,124,33,0.059
459,125,2,0.119
460,125,16,0.143
461,125,30,0.131
462,126,1,0.104
463,126,37,0.016
464,126,18,0.212
465,126,48,0.012
466,127,34,0.028
467,127,1,0.248
468,127,27,0.046
469,127,30,0.149
470,127,24,1.0
471,128,41,0.011
472,128,29,0.258
473,128,30,0.24
474,129,49,0.003
475,129,41,0.036
476,130,54,0.06
477,130,41,0.027
478,130,55,0.043
479,131,2,0.28
480,131,22,1.0
481,132,12,0.077
482,132,8,0.125
483,132,10,0.169
484,133,44,0.008
485,133,33,0.291
486,133,25,1.0
487,133,14,0.192
488,134,1,0.241
489,134,31,0.056
490,134,30,0.143
491,135,1,0.141
492,135,22,1.0
493,135,39,0.021
494,135,38,0.043
495,135,21,1.0
496,136,32,0.126
497,136,1,0.262
498,136,8,0.05
499,136,33,0.091
500,137,1,0.173
501,137,44,0.013
502,137,16,0.089
503,137,43,0.012
504,138,2,0.229
505,138,27,0.146
506,138,18,0.182
507,138,30,0.042
508,139,34,0.043
509,139,1,0.252
510,139,27,0.034
511,139,43,0.007
512,139,24,1.0
513,140,41,0.025
514,140,29,0.168
515,140,16,0.226
516,140,30,0.146
517,141,49,0.006
518,141,41,0.014
519,141,29,0.072
520,142,53,0.164
521,142,41,0.025
522,142,31,0.119
523,143,2,0.2
524,143,44,0.014
525,143,22,1.0
526,143,48,0.025
527,144,8,0.046
528,144,10,0.053
529,144,14,0.154
530,145,1,0.244
531,145,48,0.012
532,145,17,0.106
533,145,33,0.166
534,146,44,0.009
535,146,3,0.112
536,146,48,0.029
537,147,2,0.218
538,147,22,1.0
539,147,27,0.057
540,147,48,0.03
541,148,44,0.006
542,148,8,0.155
543,148,3,0.27
544,148,33,0.099
545,149,2,0.244
546,149,44,0.01
547,149,31,0.097
548,149,16,0.18
549,150,2,0.176
550,150,36,0.02
551,150,19,0.235
