price_id,item_id,price,effective_from,effective_to
1,1,7.37,2025-11-27,2026-04-30
2,1,8.28,2026-04-30,2026-09-29
3,1,8.71,2026-09-29,2027-02-10
4,2,7.85,2025-11-13,2026-02-22
5,2,7.55,2026-02-22,2026-08-29
6,2,7.33,2026-08-29,2026-11-02
7,3,18.36,2023-12-08,2024-02-06
8,3,17.79,2024-02-06,2024-07-04
9,4,24.06,2025-04-21,2025-10-01
10,5,5.13,2025-08-25,2026-02-25
11,6,20.76,2024-10-22,2025-04-16
12,7,24.41,2025-07-19,2025-10-28
13,8,21.25,2024-09-10,2025-03-10
14,8,22.88,2025-03-10,2025-05-14
15,8,23.02,2025-05-14,2025-08-06
16,8,25.95,2025-08-06,2025-11-14
17,9,7.23,2024-04-07,2024-07-26
18,9,7.93,2024-07-26,2025-01-12
19,9,8.08,2025-01-12,2025-07-28
20,10,20.01,2024-05-05,2024-08-15
21,10,19.05,2024-08-15,2024-10-14
22,10,19.08,2024-10-14,2025-04-16
23,10,18.43,2025-04-16,2025-06-22
24,11,11.36,2024-09-01,2025-01-25
25,11,11.31,2025-01-25,2025-07-28
26,11,11.6,2025-07-28,2025-12-10
27,11,11.22,2025-12-10,2026-04-23
28,12,11.14,2026-07-31,2026-10-28
29,12,12.11,2026-10-28,2027-04-18
30,12,13.78,2027-04-18,2027-09-11
31,12,13.69,2027-09-11,2028-01-24
32,13,16.4,2025-05-27,2025-10-24
33,13,15.63,2025-10-24,2026-01-05
34,13,15.0,2026-01-05,2026-03-10
35,14,6.59,2025-08-05,2025-12-21
36,14,6.88,2025-12-21,2026-05-10
37,14,7.12,2026-05-10,2026-09-12
38,15,7.83,2024-10-09,2025-01-12
39,15,8.37,2025-01-12,2025-05-04
40,15,8.64,2025-05-04,2025-07-26
41,15,8.27,2025-07-26,2025-09-30
42,16,21.08,2023-12-19,2024-04-23
43,16,21.39,2024-04-23,2024-11-02
44,17,4.46,2025-08-08,2025-12-22
45,17,4.63,2025-12-22,2026-03-30
46,17,5.17,2026-03-30,2026-09-13
47,17,4.92,2026-09-13,2027-01-26
48,18,7.68,2025-06-13,2025-11-29
49,19,6.14,2024-07-10,2024-12-09
50,19,6.04,2024-12-09,2025-04-30
51,20,14.86,2024-06-20,2024-09-08
52,20,14.68,2024-09-08,2024-11-30
53,21,11.79,2025-03-14,2025-06-29
54,21,12.49,2025-06-29,2025-11-24
55,22,13.86,2025-09-15,2026-03-19
56,23,16.8,2025-06-16,2025-09-08
57,24,4.4,2024-10-02,2024-12-10
58,24,4.49,2024-12-10,2025-06-28
59,24,4.51,2025-06-28,2025-10-08
60,24,4.78,2025-10-08,2026-03-31
61,25,8.53,2025-05-03,2025-08-25
62,25,9.39,2025-08-25,2026-02-04
63,26,18.0,2025-12-31,2026-03-07
64,27,5.45,2026-01-31,2026-07-18
65,27,5.89,2026-07-18,2026-12-15
66,28,23.98,2025-09-02,2025-12-05
67,29,19.76,2024-11-08,2025-03-20
68,29,20.3,2025-03-20,2025-08-31
69,29,22.68,2025-08-31,2026-03-01
70,29,23.25,2026-03-01,2026-08-26
71,30,21.52,2024-10-24,2025-03-30
72,30,21.17,2025-03-30,2025-06-10
73,30,22.47,2025-06-10,2025-11-07
74,31,11.23,2026-02-15,2026-07-03
75,32,16.18,2026-06-06,2026-11-04
76,32,16.89,2026-11-04,2027-01-06
77,33,22.33,2025-05-31,2025-12-08
78,33,23.14,2025-12-08,2026-02-08
79,34,4.27,2024-11-30,2025-04-24
80,34,4.71,2025-04-24,2025-07-20
81,34,4.71,2025-07-20,2026-01-31
82,35,19.1,2024-10-01,2025-02-20
83,35,20.76,2025-02-20,2025-05-27
84,36,5.82,2023-11-13,2024-05-29
85,36,6.42,2024-05-29,2024-10-22
86,37,8.83,2025-07-29,2026-02-11
87,38,23.44,2025-11-08,2026-05-22
88,39,18.68,2024-08-23,2024-12-08
89,39,19.73,2024-12-08,2025-03-30
90,39,21.93,2025-03-30,2025-06-08
91,40,12.64,2024-05-14,2024-08-31
92,40,12.05,2024-08-31,2025-02-17
93,40,12.62,2025-02-17,2025-04-21
94,41,7.94,2024-08-20,2024-11-01
95,41,7.9,2024-11-01,2025-05-14
96,42,8.06,2024-02-25,2024-08-13
97,43,8.04,2023-10-05,2024-03-15
98,43,8.59,2024-03-15,2024-05-30
99,43,9.16,2024-05-30,2024-08-29
100,43,10.05,2024-08-29,2025-01-20
101,44,14.31,2023-12-17,2024-03-11
102,44,15.25,2024-03-11,2024-05-18
103,44,16.32,2024-05-18,2024-11-18
104,44,16.46,2024-11-18,2025-04-05
105,45,14.86,2023-10-17,2023-12-22
106,45,16.64,2023-12-22,2024-03-20
107,45,18.77,2024-03-20,2024-07-21
108,46,13.4,2026-01-29,2026-07-28
109,46,13.29,2026-07-28,2026-12-13
110,46,13.27,2026-12-13,2027-05-03
111,46,14.59,2027-05-03,2027-10-05
112,47,5.08,2024-06-23,2024-11-10
113,47,5.44,2024-11-10,2025-05-07
114,47,5.84,2025-05-07,2025-10-10
115,47,5.76,2025-10-10,2026-03-23
116,48,12.04,2024-12-08,2025-04-02
117,48,11.84,2025-04-02,2025-08-07
118,48,13.49,2025-08-07,2026-02-08
119,48,14.86,2026-02-08,2026-05-27
120,49,4.33,2024-02-18,2024-04-28
121,50,7.21,2024-03-05,2024-07-25
122,50,7.83,2024-07-25,2024-10-20
123,50,8.89,2024-10-20,2025-02-24
124,50,8.56,2025-02-24,2025-06-23
125,51,7.04,2026-04-01,2026-09-22
126,52,20.78,2024-10-09,2025-01-15
127,52,23.69,2025-01-15,2025-07-23
128,53,17.35,2023-10-02,2024-03-20
129,54,23.38,2024-02-22,2024-05-14
130,54,24.94,2024-05-14,2024-11-10
131,54,27.64,2024-11-10,2025-02-18
132,55,13.68,2025-02-18,2025-06-18
133,55,14.17,2025-06-18,2025-10-17
134,56,6.62,2025-04-07,2025-10-02
135,56,6.62,2025-10-02,2025-12-12
136,57,23.38,2025-05-29,2025-12-09
137,58,18.33,2025-05-28,2025-10-08
138,58,17.69,2025-10-08,2026-03-05
139,59,6.41,2026-04-27,2026-07-26
140,59,7.12,2026-07-26,2026-10-30
141,59,7.35,2026-10-30,2027-01-14
142,59,7.15,2027-01-14,2027-05-27
143,60,19.19,2025-12-06,2026-02-10
144,60,19.94,2026-02-10,2026-06-15
145,61,4.1,2026-07-05,2026-10-31
146,61,4.5,2026-10-31,2027-03-19
147,61,4.38,2027-03-19,2027-08-08
148,61,4.98,2027-08-08,2028-01-21
149,62,4.25,2025-07-07,2025-10-24
150,62,4.09,2025-10-24,2026-01-17
151,62,4.52,2026-01-17,2026-07-27
152,62,4.78,2026-07-27,2026-11-09
153,63,16.09,2026-09-07,2027-03-07
154,63,17.34,2027-03-07,2027-05-10
155,64,5.64,2024-05-18,2024-09-12
156,64,5.98,2024-09-12,2024-11-22
157,64,5.83,2024-11-22,2025-06-10
158,65,16.08,2026-02-08,2026-08-16
159,65,17.64,2026-08-16,2026-11-10
160,65,18.19,2026-11-10,2027-04-29
161,65,17.31,2027-04-29,2027-11-10
162,66,15.43,2024-02-03,2024-04-20
163,66,16.23,2024-04-20,2024-06-28
164,66,17.85,2024-06-28,2024-09-29
165,67,17.73,2024-12-28,2025-04-14
166,67,18.81,2025-04-14,2025-07-26
167,67,19.5,2025-07-26,2026-01-21
168,67,19.33,2026-01-21,2026-06-26
169,68,5.88,2025-07-14,2025-11-06
170,68,6.48,2025-11-06,2026-04-26
171,68,7.24,2026-04-26,2026-07-15
172,68,7.26,2026-07-15,2026-11-01
173,69,23.44,2024-06-14,2024-09-30
174,70,16.67,2026-08-26,2026-12-02
175,70,17.8,2026-12-02,2027-03-23
176,71,14.83,2024-01-25,2024-06-11
177,72,22.38,2024-09-13,2024-11-12
178,72,24.74,2024-11-12,2025-05-25
179,73,6.47,2024-06-01,2024-10-09
180,73,6.88,2024-10-09,2024-12-28
181,74,16.46,2026-01-15,2026-06-29
182,74,16.48,2026-06-29,2026-10-14
183,74,18.04,2026-10-14,2027-02-01
184,74,19.16,2027-02-01,2027-07-15
185,75,3.17,2024-03-16,2024-07-06
186,76,23.66,2025-10-29,2026-01-30
187,76,26.68,2026-01-30,2026-05-11
188,76,28.74,2026-05-11,2026-08-05
189,76,30.51,2026-08-05,2027-01-05
190,77,19.33,2023-11-24,2024-03-10
191,77,19.77,2024-03-10,2024-09-14
192,78,7.63,2026-09-06,2026-12-19
193,79,14.12,2025-12-20,2026-06-22
194,79,13.59,2026-06-22,2026-09-03
195,79,14.69,2026-09-03,2027-01-03
196,79,15.43,2027-01-03,2027-03-22
197,80,16.95,2025-01-22,2025-08-03
198,80,17.65,2025-08-03,2025-10-05
199,80,17.31,2025-10-05,2026-04-09
200,80,17.52,2026-04-09,2026-06-11
201,81,10.34,2025-09-12,2026-01-14
202,81,10.92,2026-01-14,2026-04-02
203,81,10.38,2026-04-02,2026-06-08
204,81,10.38,2026-06-08,2026-08-29
205,82,19.31,2023-09-24,2024-01-06
206,83,3.21,2026-06-24,2026-12-14
207,83,3.44,2026-12-14,2027-04-09
208,84,15.0,2024-04-17,2024-08-12
209,84,17.08,2024-08-12,2024-10-25
210,84,18.88,2024-10-25,2025-02-01
211,85,6.26,2025-05-03,2025-10-24
212,85,6.76,2025-10-24,2026-05-04
213,86,22.78,2025-08-09,2026-01-05
214,86,22.78,2026-01-05,2026-05-26
215,86,22.76,2026-05-26,2026-11-09
216,86,24.31,2026-11-09,2027-02-15
217,87,7.62,2023-11-05,2024-01-14
218,87,7.91,2024-01-14,2024-05-29
219,88,20.16,2025-03-27,2025-06-20
220,88,22.62,2025-06-20,2025-09-09
221,88,23.03,2025-09-09,2025-12-18
222,88,22.94,2025-12-18,2026-03-01
223,89,19.49,2025-09-28,2026-04-03
224,89,20.67,2026-04-03,2026-06-18
225,89,22.44,2026-06-18,2026-10-27
226,89,23.05,2026-10-27,2027-01-04
227,90,24.48,2023-10-09,2023-12-27
228,90,27.41,2023-12-27,2024-02-25
229,90,27.44,2024-02-25,2024-08-15
230,91,6.95,2025-12-09,2026-02-16
231,91,7.97,2026-02-16,2026-06-07
232,92,8.87,2024-11-13,2025-03-25
233,92,9.4,2025-03-25,2025-08-10
234,93,22.19,2025-05-23,2025-09-07
235,93,22.03,2025-09-07,2026-02-28
236,93,23.33,2026-02-28,2026-08-15
237,93,25.44,2026-08-15,2027-02-13
238,94,20.96,2024-11-23,2025-05-17
239,94,21.84,2025-05-17,2025-10-28
240,95,7.9,2024-03-28,2024-07-14
241,95,8.47,2024-07-14,2024-12-05
242,95,9.13,2024-12-05,2025-04-05
243,95,9.42,2025-04-05,2025-06-16
244,96,9.13,2024-08-08,2024-12-20
245,96,8.81,2024-12-20,2025-06-03
246,96,9.41,2025-06-03,2025-10-05
247,96,10.16,2025-10-05,2026-03-20
248,97,17.11,2026-04-11,2026-08-12
249,97,17.88,2026-08-12,2027-01-14
250,98,23.66,2026-05-04,2026-11-09
251,99,15.77,2026-03-30,2026-08-24
252,99,16.5,2026-08-24,2027-02-23
253,100,16.12,2025-05-25,2025-08-28
254,100,17.53,2025-08-28,2026-01-05
255,100,20.04,2026-01-05,2026-07-13
256,101,16.34,2023-12-25,2024-07-09
257,102,7.18,2025-10-22,2026-04-12
258,102,7.24,2026-04-12,2026-10-27
259,103,14.44,2024-01-14,2024-05-01
260,103,15.91,2024-05-01,2024-10-04
261,104,11.01,2025-04-04,2025-08-10
262,104,11.05,2025-08-10,2025-10-10
263,105,16.71,2024-02-17,2024-08-22
264,105,18.01,2024-08-22,2024-11-29
265,105,17.55,2024-11-29,2025-05-30
266,105,19.52,2025-05-30,2025-09-11
267,106,14.16,2026-01-10,2026-06-20
268,107,18.34,2025-04-17,2025-08-14
269,108,17.63,2025-10-05,2026-01-26
270,108,19.44,2026-01-26,2026-06-09
271,108,18.48,2026-06-09,2026-12-16
272,108,21.23,2026-12-16,2027-02-21
273,109,16.54,2024-04-09,2024-08-12
274,109,16.01,2024-08-12,2024-11-20
275,109,16.61,2024-11-20,2025-06-08
276,109,18.89,2025-06-08,2025-12-16
277,110,9.69,2024-12-21,2025-05-11
278,110,10.87,2025-05-11,2025-07-13
279,110,11.47,2025-07-13,2025-10-07
280,111,17.4,2025-03-02,2025-05-01
281,111,19.55,2025-05-01,2025-11-05
282,111,19.38,2025-11-05,2026-02-25
283,111,21.04,2026-02-25,2026-06-25
284,112,14.25,2026-03-17,2026-05-24
285,112,14.01,2026-05-24,2026-11-20
286,112,15.54,2026-11-20,2027-04-03
287,113,17.49,2026-02-19,2026-05-06
288,114,10.37,2023-11-11,2024-04-14
289,114,10.78,2024-04-14,2024-09-14
290,114,10.93,2024-09-14,2025-01-29
291,114,11.52,2025-01-29,2025-05-23
292,115,7.94,2025-02-09,2025-04-12
293,116,8.39,2026-05-20,2026-07-19
294,116,9.29,2026-07-19,2026-12-26
295,116,8.93,2026-12-26,2027-05-21
296,116,10.26,2027-05-21,2027-11-19
297,117,12.12,2025-07-14,2025-10-11
298,117,11.64,2025-10-11,2026-03-23
299,117,11.07,2026-03-23,2026-05-29
300,118,13.88,2025-07-10,2025-10-07
301,118,14.32,2025-10-07,2025-12-23
302,118,15.49,2025-12-23,2026-04-11
303,118,17.77,2026-04-11,2026-09-30
304,119,22.64,2025-07-07,2025-10-17
305,120,7.81,2025-09-06,2026-02-09
306,120,8.36,2026-02-09,2026-05-03
307,120,8.79,2026-05-03,2026-09-15
308,121,13.22,2024-05-27,2024-11-18
309,121,13.43,2024-11-18,2025-04-12
310,121,15.03,2025-04-12,2025-09-11
311,121,15.07,2025-09-11,2025-11-14
312,122,5.93,2024-12-25,2025-05-02
313,122,6.55,2025-05-02,2025-08-16
314,123,16.1,2024-09-06,2024-12-24
315,123,16.05,2024-12-24,2025-07-06
316,123,17.01,2025-07-06,2025-11-22
317,124,20.93,2026-01-30,2026-07-11
318,124,21.46,2026-07-11,2026-09-21
319,124,22.74,2026-09-21,2026-12-19
320,124,23.94,2026-12-19,2027-05-09
321,125,12.81,2025-03-13,2025-07-24
322,126,8.7,2024-11-28,2025-03-17
323,127,19.85,2026-07-01,2026-11-16
324,127,20.95,2026-11-16,2027-03-22
325,128,9.04,2025-09-16,2026-02-22
326,128,8.81,2026-02-22,2026-06-23
327,129,8.98,2024-08-10,2024-11-20
328,130,6.04,2025-05-27,2025-07-31
329,130,6.46,2025-07-31,2025-12-12
330,131,18.54,2024-07-21,2024-10-30
331,132,14.94,2024-08-07,2024-12-15
332,132,17.16,2024-12-15,2025-05-06
333,133,11.57,2026-02-17,2026-04-25
334,133,13.12,2026-04-25,2026-10-23
335,133,12.95,2026-10-23,2027-04-03
336,133,13.31,2027-04-03,2027-10-04
337,134,21.85,2023-10-10,2023-12-23
338,134,22.43,2023-12-23,2024-04-14
339,135,3.13,2025-08-31,2026-02-21
340,135,3.51,2026-02-21,2026-06-11
341,135,3.65,2026-06-11,2026-08-28
342,136,14.84,2024-12-23,2025-03-20
343,136,16.96,2025-03-20,2025-06-01
344,136,17.08,2025-06-01,2025-09-29
345,137,13.74,2024-11-11,2025-05-13
346,137,15.68,2025-05-13,2025-11-13
347,137,16.79,2025-11-13,2026-03-04
348,137,18.45,2026-03-04,2026-06-05
349,138,11.55,2025-11-21,2026-05-22
350,138,11.48,2026-05-22,2026-08-10
351,138,12.26,2026-08-10,2027-02-06
352,138,12.41,2027-02-06,2027-07-31
353,139,21.49,2025-12-18,2026-03-21
354,140,3.59,2025-04-13,2025-09-05
355,140,3.6,2025-09-05,2025-11-10
356,140,4.08,2025-11-10,2026-05-26
357,141,4.85,2023-09-27,2024-02-10
358,141,4.8,2024-02-10,2024-08-23
359,141,4.7,2024-08-23,2025-02-13
360,142,4.11,2025-10-15,2026-01-13
361,142,4.1,2026-01-13,2026-06-21
362,142,4.21,2026-06-21,2026-10-28
363,143,10.19,2025-01-26,2025-08-03
364,143,10.91,2025-08-03,2026-01-10
365,143,11.68,2026-01-10,2026-03-13
366,143,12.31,2026-03-13,2026-09-11
367,144,19.54,2025-10-30,2026-01-18
368,144,22.42,2026-01-18,2026-06-03
369,145,13.35,2026-02-15,2026-07-07
370,145,14.24,2026-07-07,2026-11-17
371,146,7.93,2024-04-22,2024-09-03
372,146,7.95,2024-09-03,2025-01-12
373,146,7.85,2025-01-12,2025-03-26
374,147,19.59,2023-12-03,2024-04-17
375,147,19.68,2024-04-17,2024-07-24
376,147,20.59,2024-07-24,2025-01-05
377,148,16.67,2025-03-14,2025-07-16
378,148,17.37,2025-07-16,2025-10-25
379,148,18.41,2025-10-25,2026-03-04
380,149,15.41,2025-11-14,2026-04-04
381,149,17.66,2026-04-04,2026-08-04
382,149,18.94,2026-08-04,2026-12-06
383,149,19.43,2026-12-06,2027-02-05
384,150,19.87,2024-04-13,2024-06-19
385,150,19.78,2024-06-19,2024-12-01
