restaurant_id,name,city,region,opened_date
1,Shawview Branch,Whiteside,North,2025-02-01
2,South Leslie Branch,Vargastown,North,2022-12-14
3,Bradymouth Branch,West Staceybury,East,2024-04-19
4,East Ashleymouth Branch,Brandonstad,South,2024-11-07
5,Jasonview Branch,Lucasshire,South,2025-03-07
6,Teresaport Branch,Youngshire,South,2022-06-14
7,East Laura Branch,Bowmanborough,North,2025-09-21
8,Randolphland Branch,New Richard,Central,2023-10-17
9,East Kimberlyville Branch,East Kelli,North,2023-08-28
10,New Amber Branch,Gonzalesville,Central,2022-04-29
11,North Michaelburgh Branch,North Ashleyside,West,2022-07-27
12,New Chelseastad Branch,Lake Travis,North,2025-01-30
13,Bergbury Branch,Kristenmouth,North,2023-08-11
14,Sherylburgh Branch,New Brandi,North,2022-07-11
15,North Randallmouth Branch,Perezchester,South,2021-12-25
16,Wilsonport Branch,Port Thomas,South,2022-06-16
17,Perrybury Branch,Lake Elizabethbury,Central,2025-01-11
18,Davidview Branch,North Heatherbury,Central,2023-02-21
19,West James Branch,Territon,North,2021-12-12
20,New Ryan Branch,West Frank,Central,2025-01-12
