item_id,item_name,fold_id,actual_class,spark_prediction,python_prediction,match_status,spark_probability,python_probability,probability_difference,spark_correct,python_correct,final_consistency_status,disagreement_explanation,spark_model_version,python_model_version,comparison_version
1,Garlic Samosa Bites,4,Profit Driver,Profit Driver,Profit Driver,Match,1.0,0.8236809905070775,0.17631900949292245,True,True,Consistent Correct,Both independently trained models agree with the actual class.,spark_menu_classification_v1,python_menu_classification_v1,dual_pipeline_menu_classification_v1
2,Tikka Beef Boti,3,Volume Driver,Volume Driver,Volume Driver,Match,1.0,0.5038333333333332,0.49616666666666676,True,True,Consistent Correct,Both independently trained models agree with the actual class.,spark_menu_classification_v1,python_menu_classification_v1,dual_pipeline_menu_classification_v1
3,Double Zinger Sandwich,4,Volume Driver,Volume Driver,Volume Driver,Match,1.0,0.9686111111111111,0.03138888888888891,True,True,Consistent Correct,Both independently trained models agree with the actual class.,spark_menu_classification_v1,python_menu_classification_v1,dual_pipeline_menu_classification_v1
4,Dhaba Style Paneer Handi,2,Hidden Opportunity,Hidden Opportunity,Hidden Opportunity,Match,1.0,0.7701333333333332,0.22986666666666677,True,True,Consistent Correct,Both independently trained models agree with the actual class.,spark_menu_classification_v1,python_menu_classification_v1,dual_pipeline_menu_classification_v1
5,Dum Beef Tehari,1,Volume Driver,Volume Driver,Volume Driver,Match,1.0,0.995,0.0050000000000000044,True,True,Consistent Correct,Both independently trained models agree with the actual class.,spark_menu_classification_v1,python_menu_classification_v1,dual_pipeline_menu_classification_v1
6,Chinese Style Chicken Chowmein,4,Low Performer,Low Performer,Low Performer,Match,1.0,0.9755555555555554,0.024444444444444602,True,True,Consistent Correct,Both independently trained models agree with the actual class.,spark_menu_classification_v1,python_menu_classification_v1,dual_pipeline_menu_classification_v1
7,Malai Boti Supreme Pizza,0,Profit Driver,Profit Driver,Profit Driver,Match,1.0,0.8681641025641025,0.13183589743589752,True,True,Consistent Correct,Both independently trained models agree with the actual class.,spark_menu_classification_v1,python_menu_classification_v1,dual_pipeline_menu_classification_v1
8,Shahi Kulfi,3,Low Performer,Low Performer,Low Performer,Match,1.0,0.7377752247752248,0.26222477522477516,True,True,Consistent Correct,Both independently trained models agree with the actual class.,spark_menu_classification_v1,python_menu_classification_v1,dual_pipeline_menu_classification_v1
9,Doodh Patti Chai,4,Volume Driver,Volume Driver,Volume Driver,Match,1.0,0.7609273504273504,0.23907264957264962,True,True,Consistent Correct,Both independently trained models agree with the actual class.,spark_menu_classification_v1,python_menu_classification_v1,dual_pipeline_menu_classification_v1
10,Rose Margarita,2,Low Performer,Low Performer,Low Performer,Match,0.9655172413793104,0.7568235294117648,0.2086937119675456,True,True,Consistent Correct,Both independently trained models agree with the actual class.,spark_menu_classification_v1,python_menu_classification_v1,dual_pipeline_menu_classification_v1
11,Keema Paratha,4,Hidden Opportunity,Hidden Opportunity,Hidden Opportunity,Match,0.8333333333333334,0.43513736263736263,0.39819597069597074,True,True,Consistent Correct,Both independently trained models agree with the actual class.,spark_menu_classification_v1,python_menu_classification_v1,dual_pipeline_menu_classification_v1
12,Chana Daal Mash,2,Volume Driver,Volume Driver,Volume Driver,Match,1.0,0.8275,0.1725,True,True,Consistent Correct,Both independently trained models agree with the actual class.,spark_menu_classification_v1,python_menu_classification_v1,dual_pipeline_menu_classification_v1
13,Crispy Nuggets,1,Volume Driver,Volume Driver,Volume Driver,Match,1.0,0.9291666666666667,0.0708333333333333,True,True,Consistent Correct,Both independently trained models agree with the actual class.,spark_menu_classification_v1,python_menu_classification_v1,dual_pipeline_menu_classification_v1
14,Reshmi Beef Boti,0,Hidden Opportunity,Hidden Opportunity,Hidden Opportunity,Match,1.0,0.5913333333333334,0.4086666666666666,True,True,Consistent Correct,Both independently trained models agree with the actual class.,spark_menu_classification_v1,python_menu_classification_v1,dual_pipeline_menu_classification_v1
15,Smoky Chicken Sandwich,3,Volume Driver,Volume Driver,Volume Driver,Match,1.0,0.7184615384615384,0.2815384615384616,True,True,Consistent Correct,Both independently trained models agree with the actual class.,spark_menu_classification_v1,python_menu_classification_v1,dual_pipeline_menu_classification_v1
16,Koyla Mutton Handi,2,Profit Driver,Profit Driver,Profit Driver,Match,1.0,0.9173842592592593,0.08261574074074074,True,True,Consistent Correct,Both independently trained models agree with the actual class.,spark_menu_classification_v1,python_menu_classification_v1,dual_pipeline_menu_classification_v1
17,Special VIP Beef Pulao,1,Profit Driver,Profit Driver,Profit Driver,Match,1.0,0.8836355311355311,0.11636446886446894,True,True,Consistent Correct,Both independently trained models agree with the actual class.,spark_menu_classification_v1,python_menu_classification_v1,dual_pipeline_menu_classification_v1
18,White Sauce Prawn Spaghetti,2,Low Performer,Low Performer,Low Performer,Match,1.0,0.48875,0.51125,True,True,Consistent Correct,Both independently trained models agree with the actual class.,spark_menu_classification_v1,python_menu_classification_v1,dual_pipeline_menu_classification_v1
19,Behari Boti Supreme Pizza,0,Low Performer,Low Performer,Low Performer,Match,1.0,0.8074145299145299,0.1925854700854701,True,True,Consistent Correct,Both independently trained models agree with the actual class.,spark_menu_classification_v1,python_menu_classification_v1,dual_pipeline_menu_classification_v1
20,Chocolate Brownie,1,Hidden Opportunity,Low Performer,Hidden Opportunity,Mismatch,1.0,0.3862083333333333,0.6137916666666667,False,True,Python Correct / Spark Incorrect,Python Random Forest matches the actual class; Spark Decision Tree selected a different class.,spark_menu_classification_v1,python_menu_classification_v1,dual_pipeline_menu_classification_v1
21,Cappuccino Tea,2,Volume Driver,Volume Driver,Volume Driver,Match,1.0,0.798409090909091,0.20159090909090904,True,True,Consistent Correct,Both independently trained models agree with the actual class.,spark_menu_classification_v1,python_menu_classification_v1,dual_pipeline_menu_classification_v1
22,Strawberry Lemonade,0,Profit Driver,Profit Driver,Profit Driver,Match,1.0,0.7880592006033182,0.21194079939668176,True,True,Consistent Correct,Both independently trained models agree with the actual class.,spark_menu_classification_v1,python_menu_classification_v1,dual_pipeline_menu_classification_v1
23,Aloo Wrap,1,Hidden Opportunity,Hidden Opportunity,Hidden Opportunity,Match,1.0,0.7590416666666667,0.24095833333333327,True,True,Consistent Correct,Both independently trained models agree with the actual class.,spark_menu_classification_v1,python_menu_classification_v1,dual_pipeline_menu_classification_v1
24,Palak Chana Masala,4,Volume Driver,Volume Driver,Volume Driver,Match,1.0,0.8413888888888889,0.15861111111111115,True,True,Consistent Correct,Both independently trained models agree with the actual class.,spark_menu_classification_v1,python_menu_classification_v1,dual_pipeline_menu_classification_v1
25,Chatpata Pakora,2,Low Performer,Low Performer,Low Performer,Match,1.0,0.7599166666666666,0.24008333333333343,True,True,Consistent Correct,Both independently trained models agree with the actual class.,spark_menu_classification_v1,python_menu_classification_v1,dual_pipeline_menu_classification_v1
26,Peshawari Kebab,1,Hidden Opportunity,Profit Driver,Profit Driver,Match,1.0,0.49755952380952384,0.5024404761904762,False,False,Consistent Incorrect,Both independently trained models agree with each other but not the actual class.,spark_menu_classification_v1,python_menu_classification_v1,dual_pipeline_menu_classification_v1
27,Grilled Beef Cheese Burger,4,Low Performer,Low Performer,Low Performer,Match,1.0,0.8530158730158729,0.1469841269841271,True,True,Consistent Correct,Both independently trained models agree with the actual class.,spark_menu_classification_v1,python_menu_classification_v1,dual_pipeline_menu_classification_v1
28,Shinwari Beef Balti,1,Low Performer,Low Performer,Low Performer,Match,1.0,0.6558571428571429,0.3441428571428571,True,True,Consistent Correct,Both independently trained models agree with the actual class.,spark_menu_classification_v1,python_menu_classification_v1,dual_pipeline_menu_classification_v1
29,Special VIP Egg Fried Tehari,3,Profit Driver,Profit Driver,Profit Driver,Match,1.0,0.9578296065602246,0.042170393439775355,True,True,Consistent Correct,Both independently trained models agree with the actual class.,spark_menu_classification_v1,python_menu_classification_v1,dual_pipeline_menu_classification_v1
30,Spicy Arrabbiata Prawn Chowmein,3,Low Performer,Low Performer,Low Performer,Match,1.0,0.8058095238095239,0.19419047619047614,True,True,Consistent Correct,Both independently trained models agree with the actual class.,spark_menu_classification_v1,python_menu_classification_v1,dual_pipeline_menu_classification_v1
31,Chicken Tikka Supreme Pizza,3,Hidden Opportunity,Hidden Opportunity,Hidden Opportunity,Match,1.0,0.6516454101454101,0.3483545898545899,True,True,Consistent Correct,Both independently trained models agree with the actual class.,spark_menu_classification_v1,python_menu_classification_v1,dual_pipeline_menu_classification_v1
32,Chilled Gulab Jamun,3,Hidden Opportunity,Hidden Opportunity,Hidden Opportunity,Match,1.0,0.6277689075630252,0.37223109243697483,True,True,Consistent Correct,Both independently trained models agree with the actual class.,spark_menu_classification_v1,python_menu_classification_v1,dual_pipeline_menu_classification_v1
33,Cappuccino Coffee,4,Hidden Opportunity,Low Performer,Hidden Opportunity,Mismatch,1.0,0.5799974294711135,0.42000257052888645,False,True,Python Correct / Spark Incorrect,Python Random Forest matches the actual class; Spark Decision Tree selected a different class.,spark_menu_classification_v1,python_menu_classification_v1,dual_pipeline_menu_classification_v1
34,Chocolate Soda,2,Low Performer,Low Performer,Low Performer,Match,1.0,0.5575,0.4425,True,True,Consistent Correct,Both independently trained models agree with the actual class.,spark_menu_classification_v1,python_menu_classification_v1,dual_pipeline_menu_classification_v1
35,Spicy Chicken Roll,1,Volume Driver,Volume Driver,Volume Driver,Match,1.0,0.7283333333333333,0.2716666666666667,True,True,Consistent Correct,Both independently trained models agree with the actual class.,spark_menu_classification_v1,python_menu_classification_v1,dual_pipeline_menu_classification_v1
36,Aloo Raita,3,Profit Driver,Profit Driver,Profit Driver,Match,1.0,0.7790194722500904,0.22098052774990962,True,True,Consistent Correct,Both independently trained models agree with the actual class.,spark_menu_classification_v1,python_menu_classification_v1,dual_pipeline_menu_classification_v1
37,Honey Mustard Cheese Sticks,2,Volume Driver,Volume Driver,Volume Driver,Match,1.0,0.97,0.030000000000000027,True,True,Consistent Correct,Both independently trained models agree with the actual class.,spark_menu_classification_v1,python_menu_classification_v1,dual_pipeline_menu_classification_v1
38,Peshawari Chicken Seekh,2,Profit Driver,Profit Driver,Profit Driver,Match,1.0,0.8462090455840454,0.15379095441595458,True,True,Consistent Correct,Both independently trained models agree with the actual class.,spark_menu_classification_v1,python_menu_classification_v1,dual_pipeline_menu_classification_v1
39,Smoky Zinger Cheese Burger,2,Low Performer,Low Performer,Low Performer,Match,0.9655172413793104,0.8774477718360071,0.0880694695433033,True,True,Consistent Correct,Both independently trained models agree with the actual class.,spark_menu_classification_v1,python_menu_classification_v1,dual_pipeline_menu_classification_v1
40,Kala Namak Paneer Handi,0,Hidden Opportunity,Hidden Opportunity,Hidden Opportunity,Match,1.0,0.8547222222222222,0.14527777777777784,True,True,Consistent Correct,Both independently trained models agree with the actual class.,spark_menu_classification_v1,python_menu_classification_v1,dual_pipeline_menu_classification_v1
41,Hyderabadi Beef Tehari,1,Volume Driver,Volume Driver,Volume Driver,Match,1.0,0.9566666666666667,0.043333333333333335,True,True,Consistent Correct,Both independently trained models agree with the actual class.,spark_menu_classification_v1,python_menu_classification_v1,dual_pipeline_menu_classification_v1
42,Creamy Alfredo Chicken Spaghetti,2,Hidden Opportunity,Hidden Opportunity,Hidden Opportunity,Match,1.0,0.5524206293706294,0.4475793706293706,True,True,Consistent Correct,Both independently trained models agree with the actual class.,spark_menu_classification_v1,python_menu_classification_v1,dual_pipeline_menu_classification_v1
43,Veggie Special Pizza,3,Hidden Opportunity,Hidden Opportunity,Hidden Opportunity,Match,1.0,0.5361498599439777,0.4638501400560223,True,True,Consistent Correct,Both independently trained models agree with the actual class.,spark_menu_classification_v1,python_menu_classification_v1,dual_pipeline_menu_classification_v1
44,Chilled Brownie,1,Low Performer,Low Performer,Low Performer,Match,1.0,0.5867188644688643,0.41328113553113566,True,True,Consistent Correct,Both independently trained models agree with the actual class.,spark_menu_classification_v1,python_menu_classification_v1,dual_pipeline_menu_classification_v1
45,Cappuccino Chai,3,Low Performer,Low Performer,Low Performer,Match,1.0,0.8551699948796722,0.14483000512032784,True,True,Consistent Correct,Both independently trained models agree with the actual class.,spark_menu_classification_v1,python_menu_classification_v1,dual_pipeline_menu_classification_v1
46,Strawberry Sharbat,0,Volume Driver,Volume Driver,Volume Driver,Match,1.0,0.875,0.125,True,True,Consistent Correct,Both independently trained models agree with the actual class.,spark_menu_classification_v1,python_menu_classification_v1,dual_pipeline_menu_classification_v1
47,Spicy Chicken Frankie,1,Volume Driver,Volume Driver,Volume Driver,Match,1.0,0.845,0.15500000000000003,True,True,Consistent Correct,Both independently trained models agree with the actual class.,spark_menu_classification_v1,python_menu_classification_v1,dual_pipeline_menu_classification_v1
48,Mix Veg Chutney,4,Volume Driver,Volume Driver,Volume Driver,Match,1.0,0.6640555555555556,0.3359444444444444,True,True,Consistent Correct,Both independently trained models agree with the actual class.,spark_menu_classification_v1,python_menu_classification_v1,dual_pipeline_menu_classification_v1
49,Crispy Cheese Sticks,4,Volume Driver,Volume Driver,Volume Driver,Match,1.0,0.6725,0.3275,True,True,Consistent Correct,Both independently trained models agree with the actual class.,spark_menu_classification_v1,python_menu_classification_v1,dual_pipeline_menu_classification_v1
50,Bihari Chicken Seekh,2,Profit Driver,Hidden Opportunity,Profit Driver,Mismatch,1.0,0.5164868233618233,0.4835131766381767,False,True,Python Correct / Spark Incorrect,Python Random Forest matches the actual class; Spark Decision Tree selected a different class.,spark_menu_classification_v1,python_menu_classification_v1,dual_pipeline_menu_classification_v1
51,Desi Style Bihari Boti Sandwich,2,Hidden Opportunity,Hidden Opportunity,Hidden Opportunity,Match,1.0,0.5604166666666667,0.4395833333333333,True,True,Consistent Correct,Both independently trained models agree with the actual class.,spark_menu_classification_v1,python_menu_classification_v1,dual_pipeline_menu_classification_v1
52,Koyla Beef Handi,4,Volume Driver,Volume Driver,Volume Driver,Match,1.0,0.9153571428571429,0.08464285714285713,True,True,Consistent Correct,Both independently trained models agree with the actual class.,spark_menu_classification_v1,python_menu_classification_v1,dual_pipeline_menu_classification_v1
53,Dum Prawn Tehari,1,Profit Driver,Profit Driver,Profit Driver,Match,1.0,0.7507321428571428,0.24926785714285715,True,True,Consistent Correct,Both independently trained models agree with the actual class.,spark_menu_classification_v1,python_menu_classification_v1,dual_pipeline_menu_classification_v1
54,Chinese Style Prawn Pasta,2,Low Performer,Low Performer,Low Performer,Match,0.9655172413793104,0.8475,0.11801724137931036,True,True,Consistent Correct,Both independently trained models agree with the actual class.,spark_menu_classification_v1,python_menu_classification_v1,dual_pipeline_menu_classification_v1
55,Fajita Pizza,4,Hidden Opportunity,Low Performer,Hidden Opportunity,Mismatch,0.5,0.6655,0.16549999999999998,False,True,Python Correct / Spark Incorrect,Python Random Forest matches the actual class; Spark Decision Tree selected a different class.,spark_menu_classification_v1,python_menu_classification_v1,dual_pipeline_menu_classification_v1
56,Shahi Gulab Jamun,1,Profit Driver,Profit Driver,Profit Driver,Match,1.0,0.47919642857142863,0.5208035714285714,True,True,Consistent Correct,Both independently trained models agree with the actual class.,spark_menu_classification_v1,python_menu_classification_v1,dual_pipeline_menu_classification_v1
57,Peshawari Qehwa Coffee,1,Low Performer,Low Performer,Low Performer,Match,1.0,0.7292063492063491,0.2707936507936509,True,True,Consistent Correct,Both independently trained models agree with the actual class.,spark_menu_classification_v1,python_menu_classification_v1,dual_pipeline_menu_classification_v1
58,Mango Soda,2,Volume Driver,Volume Driver,Volume Driver,Match,1.0,0.95,0.050000000000000044,True,True,Consistent Correct,Both independently trained models agree with the actual class.,spark_menu_classification_v1,python_menu_classification_v1,dual_pipeline_menu_classification_v1
59,Malai Boti Roll,1,Low Performer,Low Performer,Low Performer,Match,1.0,0.8001666666666665,0.19983333333333353,True,True,Consistent Correct,Both independently trained models agree with the actual class.,spark_menu_classification_v1,python_menu_classification_v1,dual_pipeline_menu_classification_v1
60,Mix Veg Daal Chana,1,Low Performer,Low Performer,Low Performer,Match,1.0,0.5540419580419581,0.4459580419580419,True,True,Consistent Correct,Both independently trained models agree with the actual class.,spark_menu_classification_v1,python_menu_classification_v1,dual_pipeline_menu_classification_v1
61,Loaded Chicken Rolls,3,Volume Driver,Volume Driver,Volume Driver,Match,1.0,0.99,0.010000000000000009,True,True,Consistent Correct,Both independently trained models agree with the actual class.,spark_menu_classification_v1,python_menu_classification_v1,dual_pipeline_menu_classification_v1
62,Tikka Sajji,1,Low Performer,Low Performer,Low Performer,Match,1.0,0.6559999999999999,0.3440000000000001,True,True,Consistent Correct,Both independently trained models agree with the actual class.,spark_menu_classification_v1,python_menu_classification_v1,dual_pipeline_menu_classification_v1
63,Classic Beef Wrap,3,Profit Driver,Profit Driver,Profit Driver,Match,1.0,0.7076174708698281,0.29238252913017193,True,True,Consistent Correct,Both independently trained models agree with the actual class.,spark_menu_classification_v1,python_menu_classification_v1,dual_pipeline_menu_classification_v1
64,Desi White Paneer Karahi,4,Profit Driver,Profit Driver,Profit Driver,Match,1.0,0.8103891712152584,0.18961082878474156,True,True,Consistent Correct,Both independently trained models agree with the actual class.,spark_menu_classification_v1,python_menu_classification_v1,dual_pipeline_menu_classification_v1
65,Nawabi Beef Rice,1,Low Performer,Low Performer,Low Performer,Match,1.0,0.7667900432900433,0.2332099567099567,True,True,Consistent Correct,Both independently trained models agree with the actual class.,spark_menu_classification_v1,python_menu_classification_v1,dual_pipeline_menu_classification_v1
66,Peri Peri Beef Spaghetti,0,Hidden Opportunity,Hidden Opportunity,Hidden Opportunity,Match,1.0,0.7002473748473748,0.29975262515262524,True,True,Consistent Correct,Both independently trained models agree with the actual class.,spark_menu_classification_v1,python_menu_classification_v1,dual_pipeline_menu_classification_v1
67,Malai Boti Pizza,0,Low Performer,Low Performer,Hidden Opportunity,Mismatch,1.0,0.4686507936507936,0.5313492063492065,True,False,Spark Correct / Python Incorrect,Spark Decision Tree matches the actual class; Python Random Forest selected a different class.,spark_menu_classification_v1,python_menu_classification_v1,dual_pipeline_menu_classification_v1
68,Rabri Kulfi,0,Hidden Opportunity,Hidden Opportunity,Hidden Opportunity,Match,1.0,0.7423152958152959,0.2576847041847041,True,True,Consistent Correct,Both independently trained models agree with the actual class.,spark_menu_classification_v1,python_menu_classification_v1,dual_pipeline_menu_classification_v1
69,Karak Tea,2,Volume Driver,Volume Driver,Volume Driver,Match,1.0,0.79,0.20999999999999996,True,True,Consistent Correct,Both independently trained models agree with the actual class.,spark_menu_classification_v1,python_menu_classification_v1,dual_pipeline_menu_classification_v1
70,Classic Lemonade,4,Low Performer,Hidden Opportunity,Low Performer,Mismatch,1.0,0.575,0.42500000000000004,False,True,Python Correct / Spark Incorrect,Python Random Forest matches the actual class; Spark Decision Tree selected a different class.,spark_menu_classification_v1,python_menu_classification_v1,dual_pipeline_menu_classification_v1
71,Spicy Chicken Wrap,3,Volume Driver,Volume Driver,Volume Driver,Match,1.0,0.8276282051282051,0.17237179487179488,True,True,Consistent Correct,Both independently trained models agree with the actual class.,spark_menu_classification_v1,python_menu_classification_v1,dual_pipeline_menu_classification_v1
72,Aloo Chutney,0,Low Performer,Low Performer,Low Performer,Match,1.0,0.9762666666666666,0.023733333333333384,True,True,Consistent Correct,Both independently trained models agree with the actual class.,spark_menu_classification_v1,python_menu_classification_v1,dual_pipeline_menu_classification_v1
73,Garlic Cheese Sticks,3,Volume Driver,Volume Driver,Volume Driver,Match,1.0,0.97,0.030000000000000027,True,True,Consistent Correct,Both independently trained models agree with the actual class.,spark_menu_classification_v1,python_menu_classification_v1,dual_pipeline_menu_classification_v1
74,Achari Chicken Chargha,3,Hidden Opportunity,Hidden Opportunity,Hidden Opportunity,Match,1.0,0.9110490196078431,0.08895098039215688,True,True,Consistent Correct,Both independently trained models agree with the actual class.,spark_menu_classification_v1,python_menu_classification_v1,dual_pipeline_menu_classification_v1
75,Desi Style Zinger Burger,1,Profit Driver,Volume Driver,Volume Driver,Match,1.0,0.6275,0.37250000000000005,False,False,Consistent Incorrect,Both independently trained models agree with each other but not the actual class.,spark_menu_classification_v1,python_menu_classification_v1,dual_pipeline_menu_classification_v1
76,Lahori Mutton Karahi,3,Hidden Opportunity,Volume Driver,Hidden Opportunity,Mismatch,1.0,0.5425,0.4575,False,True,Python Correct / Spark Incorrect,Python Random Forest matches the actual class; Spark Decision Tree selected a different class.,spark_menu_classification_v1,python_menu_classification_v1,dual_pipeline_menu_classification_v1
77,Bombay Beef Pulao,3,Profit Driver,Profit Driver,Profit Driver,Match,1.0,0.8501073843380024,0.14989261566199763,True,True,Consistent Correct,Both independently trained models agree with the actual class.,spark_menu_classification_v1,python_menu_classification_v1,dual_pipeline_menu_classification_v1
78,Creamy Alfredo Vegetable Pasta,1,Low Performer,Low Performer,Low Performer,Match,1.0,0.6554374791874793,0.3445625208125207,True,True,Consistent Correct,Both independently trained models agree with the actual class.,spark_menu_classification_v1,python_menu_classification_v1,dual_pipeline_menu_classification_v1
79,Tandoori Special Pizza,3,Low Performer,Low Performer,Low Performer,Match,1.0,0.47880769230769227,0.5211923076923077,True,True,Consistent Correct,Both independently trained models agree with the actual class.,spark_menu_classification_v1,python_menu_classification_v1,dual_pipeline_menu_classification_v1
80,Caramel Gulab Jamun,1,Low Performer,Low Performer,Hidden Opportunity,Mismatch,1.0,0.5476746031746031,0.45232539682539685,True,False,Spark Correct / Python Incorrect,Spark Decision Tree matches the actual class; Python Random Forest selected a different class.,spark_menu_classification_v1,python_menu_classification_v1,dual_pipeline_menu_classification_v1
81,Elaichi Coffee,2,Low Performer,Low Performer,Low Performer,Match,1.0,0.6166666666666667,0.3833333333333333,True,True,Consistent Correct,Both independently trained models agree with the actual class.,spark_menu_classification_v1,python_menu_classification_v1,dual_pipeline_menu_classification_v1
82,Blueberry Lassi,2,Profit Driver,Profit Driver,Profit Driver,Match,1.0,0.9168842592592593,0.08311574074074068,True,True,Consistent Correct,Both independently trained models agree with the actual class.,spark_menu_classification_v1,python_menu_classification_v1,dual_pipeline_menu_classification_v1
83,Beef Paratha,4,Hidden Opportunity,Hidden Opportunity,Low Performer,Mismatch,0.8333333333333334,0.5067669172932332,0.32656641604010017,True,False,Spark Correct / Python Incorrect,Spark Decision Tree matches the actual class; Python Random Forest selected a different class.,spark_menu_classification_v1,python_menu_classification_v1,dual_pipeline_menu_classification_v1
84,Chana Chana Masala,0,Profit Driver,Profit Driver,Profit Driver,Match,1.0,0.5465,0.4535,True,True,Consistent Correct,Both independently trained models agree with the actual class.,spark_menu_classification_v1,python_menu_classification_v1,dual_pipeline_menu_classification_v1
85,Peri Peri Nuggets,0,Volume Driver,Volume Driver,Volume Driver,Match,1.0,0.8280555555555555,0.17194444444444446,True,True,Consistent Correct,Both independently trained models agree with the actual class.,spark_menu_classification_v1,python_menu_classification_v1,dual_pipeline_menu_classification_v1
86,Behari Chops,4,Low Performer,Low Performer,Low Performer,Match,1.0,0.5704347826086956,0.4295652173913044,True,True,Consistent Correct,Both independently trained models agree with the actual class.,spark_menu_classification_v1,python_menu_classification_v1,dual_pipeline_menu_classification_v1
87,Crispy Club Sandwich,3,Low Performer,Low Performer,Low Performer,Match,1.0,0.8237690037139752,0.1762309962860248,True,True,Consistent Correct,Both independently trained models agree with the actual class.,spark_menu_classification_v1,python_menu_classification_v1,dual_pipeline_menu_classification_v1
88,Makhni Mutton Handi,0,Volume Driver,Profit Driver,Volume Driver,Mismatch,1.0,0.35,0.65,False,True,Python Correct / Spark Incorrect,Python Random Forest matches the actual class; Spark Decision Tree selected a different class.,spark_menu_classification_v1,python_menu_classification_v1,dual_pipeline_menu_classification_v1
89,Karachi Style Beef Rice,4,Profit Driver,Profit Driver,Profit Driver,Match,1.0,0.7170896374157245,0.2829103625842755,True,True,Consistent Correct,Both independently trained models agree with the actual class.,spark_menu_classification_v1,python_menu_classification_v1,dual_pipeline_menu_classification_v1
90,Cheesy Baked Prawn Spaghetti,4,Low Performer,Hidden Opportunity,Hidden Opportunity,Match,1.0,0.5456785714285715,0.45432142857142854,False,False,Consistent Incorrect,Both independently trained models agree with each other but not the actual class.,spark_menu_classification_v1,python_menu_classification_v1,dual_pipeline_menu_classification_v1
91,Loaded Meat Pizza,4,Volume Driver,Hidden Opportunity,Volume Driver,Mismatch,1.0,0.7156349206349206,0.2843650793650794,False,True,Python Correct / Spark Incorrect,Python Random Forest matches the actual class; Spark Decision Tree selected a different class.,spark_menu_classification_v1,python_menu_classification_v1,dual_pipeline_menu_classification_v1
92,Rabri Molten Lava Cake,1,Hidden Opportunity,Hidden Opportunity,Hidden Opportunity,Match,1.0,0.5892069597069597,0.4107930402930403,True,True,Consistent Correct,Both independently trained models agree with the actual class.,spark_menu_classification_v1,python_menu_classification_v1,dual_pipeline_menu_classification_v1
93,Peshawari Qehwa Tea,1,Low Performer,Low Performer,Low Performer,Match,1.0,0.6516666666666666,0.3483333333333334,True,True,Consistent Correct,Both independently trained models agree with the actual class.,spark_menu_classification_v1,python_menu_classification_v1,dual_pipeline_menu_classification_v1
94,Mint Shake,1,Profit Driver,Low Performer,Profit Driver,Mismatch,1.0,0.7181955266955267,0.28180447330447334,False,True,Python Correct / Spark Incorrect,Python Random Forest matches the actual class; Spark Decision Tree selected a different class.,spark_menu_classification_v1,python_menu_classification_v1,dual_pipeline_menu_classification_v1
95,Beef Roll,2,Hidden Opportunity,Hidden Opportunity,Hidden Opportunity,Match,1.0,0.6483479020979022,0.35165209790209784,True,True,Consistent Correct,Both independently trained models agree with the actual class.,spark_menu_classification_v1,python_menu_classification_v1,dual_pipeline_menu_classification_v1
96,Palak Raita,3,Low Performer,Low Performer,Low Performer,Match,1.0,0.6397580913490623,0.36024190865093775,True,True,Consistent Correct,Both independently trained models agree with the actual class.,spark_menu_classification_v1,python_menu_classification_v1,dual_pipeline_menu_classification_v1
97,Cheesy Nuggets,3,Volume Driver,Volume Driver,Volume Driver,Match,1.0,0.9533333333333333,0.046666666666666745,True,True,Consistent Correct,Both independently trained models agree with the actual class.,spark_menu_classification_v1,python_menu_classification_v1,dual_pipeline_menu_classification_v1
98,Kasturi Malai Boti,3,Hidden Opportunity,Hidden Opportunity,Hidden Opportunity,Match,1.0,0.6171152768799828,0.3828847231200172,True,True,Consistent Correct,Both independently trained models agree with the actual class.,spark_menu_classification_v1,python_menu_classification_v1,dual_pipeline_menu_classification_v1
99,Desi Style Steak Cheese Burger,0,Hidden Opportunity,Hidden Opportunity,Hidden Opportunity,Match,1.0,0.6333827283827285,0.36661727161727153,True,True,Consistent Correct,Both independently trained models agree with the actual class.,spark_menu_classification_v1,python_menu_classification_v1,dual_pipeline_menu_classification_v1
100,Peshawari Beef Balti,2,Hidden Opportunity,Hidden Opportunity,Hidden Opportunity,Match,1.0,0.9095777777777779,0.09042222222222207,True,True,Consistent Correct,Both independently trained models agree with the actual class.,spark_menu_classification_v1,python_menu_classification_v1,dual_pipeline_menu_classification_v1
101,Hyderabadi Egg Fried Tehari,3,Profit Driver,Profit Driver,Profit Driver,Match,1.0,0.6217908902691511,0.37820910973084887,True,True,Consistent Correct,Both independently trained models agree with the actual class.,spark_menu_classification_v1,python_menu_classification_v1,dual_pipeline_menu_classification_v1
102,Schezwan Beef Spaghetti,4,Low Performer,Low Performer,Low Performer,Match,1.0,0.755,0.245,True,True,Consistent Correct,Both independently trained models agree with the actual class.,spark_menu_classification_v1,python_menu_classification_v1,dual_pipeline_menu_classification_v1
103,Achari Chicken Pizza,1,Hidden Opportunity,Hidden Opportunity,Hidden Opportunity,Match,1.0,0.8508353174603175,0.1491646825396825,True,True,Consistent Correct,Both independently trained models agree with the actual class.,spark_menu_classification_v1,python_menu_classification_v1,dual_pipeline_menu_classification_v1
104,Shahi Ice Cream,4,Low Performer,Low Performer,Low Performer,Match,1.0,0.7542460317460318,0.24575396825396822,True,True,Consistent Correct,Both independently trained models agree with the actual class.,spark_menu_classification_v1,python_menu_classification_v1,dual_pipeline_menu_classification_v1
105,Cappuccino Qehwa,1,Volume Driver,Low Performer,Low Performer,Match,1.0,0.56,0.43999999999999995,False,False,Consistent Incorrect,Both independently trained models agree with each other but not the actual class.,spark_menu_classification_v1,python_menu_classification_v1,dual_pipeline_menu_classification_v1
106,Blueberry Shake,0,Volume Driver,Volume Driver,Volume Driver,Match,1.0,0.95,0.050000000000000044,True,True,Consistent Correct,Both independently trained models agree with the actual class.,spark_menu_classification_v1,python_menu_classification_v1,dual_pipeline_menu_classification_v1
107,Malai Boti Frankie,0,Low Performer,Hidden Opportunity,Hidden Opportunity,Match,1.0,0.5725909090909092,0.42740909090909085,False,False,Consistent Incorrect,Both independently trained models agree with each other but not the actual class.,spark_menu_classification_v1,python_menu_classification_v1,dual_pipeline_menu_classification_v1
108,Aloo Daal Chana,3,Volume Driver,Volume Driver,Volume Driver,Match,1.0,0.8,0.19999999999999996,True,True,Consistent Correct,Both independently trained models agree with the actual class.,spark_menu_classification_v1,python_menu_classification_v1,dual_pipeline_menu_classification_v1
109,Chatpata Fries,2,Volume Driver,Volume Driver,Volume Driver,Match,1.0,0.7816666666666666,0.21833333333333338,True,True,Consistent Correct,Both independently trained models agree with the actual class.,spark_menu_classification_v1,python_menu_classification_v1,dual_pipeline_menu_classification_v1
110,Tikka Kebab,0,Low Performer,Low Performer,Low Performer,Match,1.0,0.9062666666666667,0.09373333333333334,True,True,Consistent Correct,Both independently trained models agree with the actual class.,spark_menu_classification_v1,python_menu_classification_v1,dual_pipeline_menu_classification_v1
111,Double Zinger Wrap,1,Volume Driver,Volume Driver,Volume Driver,Match,1.0,0.8595833333333333,0.14041666666666675,True,True,Consistent Correct,Both independently trained models agree with the actual class.,spark_menu_classification_v1,python_menu_classification_v1,dual_pipeline_menu_classification_v1
112,Peshawari Paneer Handi,2,Hidden Opportunity,Hidden Opportunity,Hidden Opportunity,Match,1.0,0.6754666666666665,0.32453333333333345,True,True,Consistent Correct,Both independently trained models agree with the actual class.,spark_menu_classification_v1,python_menu_classification_v1,dual_pipeline_menu_classification_v1
113,Dum Egg Fried Biryani,2,Profit Driver,Profit Driver,Profit Driver,Match,1.0,0.8731178451178451,0.12688215488215493,True,True,Consistent Correct,Both independently trained models agree with the actual class.,spark_menu_classification_v1,python_menu_classification_v1,dual_pipeline_menu_classification_v1
114,Cheesy Baked Chicken Spaghetti,2,Hidden Opportunity,Hidden Opportunity,Hidden Opportunity,Match,1.0,0.7680213423831072,0.23197865761689285,True,True,Consistent Correct,Both independently trained models agree with the actual class.,spark_menu_classification_v1,python_menu_classification_v1,dual_pipeline_menu_classification_v1
115,Mughlai Supreme Pizza,1,Volume Driver,Volume Driver,Volume Driver,Match,1.0,0.8495833333333332,0.15041666666666675,True,True,Consistent Correct,Both independently trained models agree with the actual class.,spark_menu_classification_v1,python_menu_classification_v1,dual_pipeline_menu_classification_v1
116,Warm Ice Cream,0,Volume Driver,Volume Driver,Volume Driver,Match,1.0,0.7911666666666668,0.2088333333333332,True,True,Consistent Correct,Both independently trained models agree with the actual class.,spark_menu_classification_v1,python_menu_classification_v1,dual_pipeline_menu_classification_v1
117,Espresso Tea,0,Low Performer,Low Performer,Low Performer,Match,1.0,0.7279333333333333,0.2720666666666667,True,True,Consistent Correct,Both independently trained models agree with the actual class.,spark_menu_classification_v1,python_menu_classification_v1,dual_pipeline_menu_classification_v1
118,Mango Lemonade,0,Volume Driver,Volume Driver,Volume Driver,Match,1.0,0.925,0.07499999999999996,True,True,Consistent Correct,Both independently trained models agree with the actual class.,spark_menu_classification_v1,python_menu_classification_v1,dual_pipeline_menu_classification_v1
119,Seekh Kebab Wrap,0,Low Performer,Low Performer,Low Performer,Match,1.0,0.5838888888888889,0.4161111111111111,True,True,Consistent Correct,Both independently trained models agree with the actual class.,spark_menu_classification_v1,python_menu_classification_v1,dual_pipeline_menu_classification_v1
120,Palak Chutney,0,Volume Driver,Volume Driver,Volume Driver,Match,1.0,0.6726666666666666,0.32733333333333337,True,True,Consistent Correct,Both independently trained models agree with the actual class.,spark_menu_classification_v1,python_menu_classification_v1,dual_pipeline_menu_classification_v1
121,Masala Pakora,0,Profit Driver,Profit Driver,Profit Driver,Match,1.0,0.8959925339366515,0.10400746606334854,True,True,Consistent Correct,Both independently trained models agree with the actual class.,spark_menu_classification_v1,python_menu_classification_v1,dual_pipeline_menu_classification_v1
122,Bihari Tikka Leg Piece,2,Low Performer,Low Performer,Low Performer,Match,1.0,0.475,0.525,True,True,Consistent Correct,Both independently trained models agree with the actual class.,spark_menu_classification_v1,python_menu_classification_v1,dual_pipeline_menu_classification_v1
123,Spicy Beef Burger,0,Volume Driver,Volume Driver,Volume Driver,Match,1.0,0.8775555555555556,0.12244444444444436,True,True,Consistent Correct,Both independently trained models agree with the actual class.,spark_menu_classification_v1,python_menu_classification_v1,dual_pipeline_menu_classification_v1
124,Kala Namak Beef Balti,1,Hidden Opportunity,Hidden Opportunity,Hidden Opportunity,Match,1.0,0.6566964285714286,0.3433035714285714,True,True,Consistent Correct,Both independently trained models agree with the actual class.,spark_menu_classification_v1,python_menu_classification_v1,dual_pipeline_menu_classification_v1
125,Hyderabadi Mutton Biryani,2,Volume Driver,Volume Driver,Volume Driver,Match,1.0,0.6972727272727274,0.3027272727272726,True,True,Consistent Correct,Both independently trained models agree with the actual class.,spark_menu_classification_v1,python_menu_classification_v1,dual_pipeline_menu_classification_v1
126,Peri Peri Prawn Chowmein,3,Low Performer,Low Performer,Low Performer,Match,1.0,0.5674458874458874,0.4325541125541126,True,True,Consistent Correct,Both independently trained models agree with the actual class.,spark_menu_classification_v1,python_menu_classification_v1,dual_pipeline_menu_classification_v1
127,Cheese Special Pizza,4,Hidden Opportunity,Hidden Opportunity,Hidden Opportunity,Match,1.0,0.7987232787851982,0.20127672121480178,True,True,Consistent Correct,Both independently trained models agree with the actual class.,spark_menu_classification_v1,python_menu_classification_v1,dual_pipeline_menu_classification_v1
128,Lotus Biscoff Molten Lava Cake,3,Hidden Opportunity,Hidden Opportunity,Hidden Opportunity,Match,1.0,0.641522482577511,0.358477517422489,True,True,Consistent Correct,Both independently trained models agree with the actual class.,spark_menu_classification_v1,python_menu_classification_v1,dual_pipeline_menu_classification_v1
129,Adrak Qehwa,0,Low Performer,Low Performer,Low Performer,Match,1.0,0.9196000000000001,0.08039999999999992,True,True,Consistent Correct,Both independently trained models agree with the actual class.,spark_menu_classification_v1,python_menu_classification_v1,dual_pipeline_menu_classification_v1
130,Mint Margarita,2,Low Performer,Low Performer,Low Performer,Match,1.0,0.6125,0.38749999999999996,True,True,Consistent Correct,Both independently trained models agree with the actual class.,spark_menu_classification_v1,python_menu_classification_v1,dual_pipeline_menu_classification_v1
131,Beef Frankie,1,Volume Driver,Volume Driver,Volume Driver,Match,1.0,0.955,0.04500000000000004,True,True,Consistent Correct,Both independently trained models agree with the actual class.,spark_menu_classification_v1,python_menu_classification_v1,dual_pipeline_menu_classification_v1
132,Mix Veg Chana Masala,4,Profit Driver,Profit Driver,Profit Driver,Match,1.0,0.7092959866220737,0.2907040133779263,True,True,Consistent Correct,Both independently trained models agree with the actual class.,spark_menu_classification_v1,python_menu_classification_v1,dual_pipeline_menu_classification_v1
133,Garlic Chicken Rolls,0,Volume Driver,Volume Driver,Volume Driver,Match,1.0,0.8555555555555554,0.1444444444444446,True,True,Consistent Correct,Both independently trained models agree with the actual class.,spark_menu_classification_v1,python_menu_classification_v1,dual_pipeline_menu_classification_v1
134,Kasturi Kebab,4,Low Performer,Low Performer,Low Performer,Match,1.0,0.5148412698412698,0.48515873015873023,True,True,Consistent Correct,Both independently trained models agree with the actual class.,spark_menu_classification_v1,python_menu_classification_v1,dual_pipeline_menu_classification_v1
135,Loaded Zinger Wrap,3,Volume Driver,Volume Driver,Volume Driver,Match,1.0,0.9617391304347827,0.03826086956521735,True,True,Consistent Correct,Both independently trained models agree with the actual class.,spark_menu_classification_v1,python_menu_classification_v1,dual_pipeline_menu_classification_v1
136,Lahori Paneer Balti,0,Hidden Opportunity,Hidden Opportunity,Hidden Opportunity,Match,1.0,0.8150565656565655,0.18494343434343452,True,True,Consistent Correct,Both independently trained models agree with the actual class.,spark_menu_classification_v1,python_menu_classification_v1,dual_pipeline_menu_classification_v1
137,Sindhi Chicken Pulao,0,Profit Driver,Profit Driver,Profit Driver,Match,1.0,0.642211111111111,0.35778888888888905,True,True,Consistent Correct,Both independently trained models agree with the actual class.,spark_menu_classification_v1,python_menu_classification_v1,dual_pipeline_menu_classification_v1
138,Chinese Style Beef Chowmein,0,Low Performer,Low Performer,Low Performer,Match,1.0,0.667,0.33299999999999996,True,True,Consistent Correct,Both independently trained models agree with the actual class.,spark_menu_classification_v1,python_menu_classification_v1,dual_pipeline_menu_classification_v1
139,Achari Chicken Supreme Pizza,4,Profit Driver,Profit Driver,Profit Driver,Match,1.0,0.8965652173913042,0.10343478260869576,True,True,Consistent Correct,Both independently trained models agree with the actual class.,spark_menu_classification_v1,python_menu_classification_v1,dual_pipeline_menu_classification_v1
140,Caramel Ras Malai,2,Low Performer,Low Performer,Low Performer,Match,1.0,0.8345833333333332,0.16541666666666677,True,True,Consistent Correct,Both independently trained models agree with the actual class.,spark_menu_classification_v1,python_menu_classification_v1,dual_pipeline_menu_classification_v1
141,Green Qehwa,4,Low Performer,Low Performer,Low Performer,Match,1.0,0.9388888888888889,0.061111111111111116,True,True,Consistent Correct,Both independently trained models agree with the actual class.,spark_menu_classification_v1,python_menu_classification_v1,dual_pipeline_menu_classification_v1
142,Chocolate Lemonade,4,Volume Driver,Volume Driver,Volume Driver,Match,1.0,0.89,0.10999999999999999,True,True,Consistent Correct,Both independently trained models agree with the actual class.,spark_menu_classification_v1,python_menu_classification_v1,dual_pipeline_menu_classification_v1
143,Chicken Roll,2,Volume Driver,Volume Driver,Volume Driver,Match,1.0,0.9367424242424243,0.06325757575757573,True,True,Consistent Correct,Both independently trained models agree with the actual class.,spark_menu_classification_v1,python_menu_classification_v1,dual_pipeline_menu_classification_v1
144,Raita Raita,1,Hidden Opportunity,Low Performer,Low Performer,Match,1.0,0.5266666666666666,0.4733333333333334,False,False,Consistent Incorrect,Both independently trained models agree with each other but not the actual class.,spark_menu_classification_v1,python_menu_classification_v1,dual_pipeline_menu_classification_v1
145,Peri Peri Cheese Sticks,4,Hidden Opportunity,Low Performer,Low Performer,Match,1.0,0.6079273504273504,0.39207264957264965,False,False,Consistent Incorrect,Both independently trained models agree with each other but not the actual class.,spark_menu_classification_v1,python_menu_classification_v1,dual_pipeline_menu_classification_v1
146,Angara Chicken Seekh,3,Low Performer,Low Performer,Low Performer,Match,1.0,0.5114285714285715,0.48857142857142855,True,True,Consistent Correct,Both independently trained models agree with the actual class.,spark_menu_classification_v1,python_menu_classification_v1,dual_pipeline_menu_classification_v1
147,Zafrani Zinger Cheese Burger,0,Low Performer,Low Performer,Low Performer,Match,1.0,0.7720238095238094,0.22797619047619055,True,True,Consistent Correct,Both independently trained models agree with the actual class.,spark_menu_classification_v1,python_menu_classification_v1,dual_pipeline_menu_classification_v1
148,Koyla Chicken Handi,0,Profit Driver,Profit Driver,Profit Driver,Match,1.0,0.8866439005439004,0.11335609945609959,True,True,Consistent Correct,Both independently trained models agree with the actual class.,spark_menu_classification_v1,python_menu_classification_v1,dual_pipeline_menu_classification_v1
149,Sindhi Egg Fried Pulao,3,Low Performer,Low Performer,Low Performer,Match,1.0,0.8521606578115117,0.14783934218848827,True,True,Consistent Correct,Both independently trained models agree with the actual class.,spark_menu_classification_v1,python_menu_classification_v1,dual_pipeline_menu_classification_v1
150,Creamy Alfredo Beef Chowmein,0,Hidden Opportunity,Hidden Opportunity,Hidden Opportunity,Match,1.0,0.6439948495948496,0.35600515040515035,True,True,Consistent Correct,Both independently trained models agree with the actual class.,spark_menu_classification_v1,python_menu_classification_v1,dual_pipeline_menu_classification_v1
