menu_items_id,cat_id,name,base_price,prep_time_minutes,introduced_date,discontinued_date
1,1,Garlic Samosa Bites,630,11,2024-06-20,
2,2,Malai Chicken Seekh,920,17,2023-04-23,
3,3,Classic Zinger Burger,520,12,2022-12-14,
4,4,Kala Namak Paneer Karahi,990,32,2025-08-06,
5,5,Dum Prawn Rice,1310,29,2023-10-01,
6,6,Creamy Alfredo Chicken Noodles,520,17,2026-06-02,
7,7,Achari Chicken Special Pizza,1140,18,2023-03-07,
8,8,Kesar Pista Kulfi,330,9,2024-05-27,
9,9,Peshawari Qehwa Chai,220,5,2023-08-06,
10,10,Classic Soda,490,6,2026-05-06,
11,11,Chicken Paratha,0,7,2023-12-31,
12,12,Aloo Chutney,340,16,2022-11-25,
13,1,Masala Nuggets,330,9,2025-07-20,
14,2,Behari Chicken Chargha,650,20,2023-04-05,
15,3,Smoky Zinger Cheese Burger,520,11,2022-12-09,
16,4,Achari Mutton Karahi,790,32,2023-11-15,
17,5,Sindhi Chicken Pulao,1340,27,2023-06-18,
18,6,Cheesy Baked Chicken Noodles,1010,13,2023-01-07,
19,7,Mughlai Supreme Pizza,1250,16,2026-07-10,
20,8,Chocolate Kulfi,680,5,2022-10-06,
21,9,Kashmiri Tea,0,6,2024-04-09,
22,10,Mint Lassi,180,3,2025-06-08,
23,11,Keema Frankie,510,8,2023-03-06,
24,12,Chana Daal Mash,280,19,2023-03-09,
25,1,Honey Mustard Chicken Rolls,350,5,2026-04-16,
26,2,Achari Kebab,1470,29,2023-10-15,
27,3,Loaded Steak Wrap,840,9,2026-05-23,
28,4,Desi White Beef Handi,1030,25,2022-12-17,
29,5,Nawabi Mutton Tehari,1090,30,2022-11-12,
30,6,Chilli Garlic Prawn Spaghetti,500,10,2025-11-05,
31,7,Hawaiian Supreme Pizza,1250,17,2024-04-28,
32,8,Kesar Pista Molten Lava Cake,420,6,2023-11-14,
33,9,Adrak Tea,350,3,2024-01-13,
34,10,Chocolate Shake,430,2,2024-02-07,
35,11,Seekh Kebab Roll,550,13,2024-10-21,
36,12,Daal Salad,320,20,2023-06-17,
37,1,Peri Peri Nuggets,530,11,2022-09-11,
38,2,Peshawari Chicken Seekh,750,22,2022-10-09,
39,3,Classic Beef Sandwich,780,14,2025-07-27,
40,4,Achari Mutton Balti,1180,32,2025-02-06,
41,5,Special VIP Prawn Biryani,930,29,2023-10-01,
42,6,Chilli Garlic Vegetable Spaghetti,770,18,2025-11-19,
43,7,Tandoori Special Pizza,1040,18,2022-12-09,
44,8,Chilled Kheer,480,6,2025-08-11,
45,9,Cappuccino Qehwa,240,6,2023-03-17,
46,10,Blueberry Shake,250,3,2026-01-05,
47,11,Malai Boti Roll,350,14,2023-10-26,
48,12,Raita Raita,200,15,2023-09-29,
49,1,Loaded Samosa Bites,600,8,2024-03-12,
50,2,Kasturi Chicken Chargha,1470,25,2023-03-13,
51,3,Smoky Beef Sandwich,720,10,2024-04-06,
52,4,Lahori Chicken Balti,1420,25,2023-01-29,
53,5,Sindhi Chicken Rice,960,28,2025-03-15,
54,6,Peri Peri Beef Spaghetti,690,13,2023-12-22,
55,7,Loaded Meat Special Pizza,1800,20,2026-02-16,
56,8,Kesar Pista Brownie,270,8,2024-05-26,
57,9,Karak Chai,180,5,2024-01-30,
58,10,Strawberry Sharbat,430,4,2023-09-20,
59,11,Chicken Roll,460,12,2025-12-30,
60,12,Raita Chutney,390,14,2024-08-22,
61,1,Honey Mustard Cheese Sticks,610,8,2022-09-04,
62,2,Angara Kebab,680,25,2025-04-28,
63,3,Double Club Sandwich,400,8,2023-04-25,
64,4,Koyla Beef Handi,0,33,2023-08-05,
65,5,Dum Prawn Tehari,1040,19,2025-11-02,
66,6,White Sauce Prawn Spaghetti,880,15,2024-11-03,
67,7,Pepperoni Special Pizza,1760,16,2025-07-05,
68,8,Warm Ras Malai,220,4,2024-09-01,
69,9,Elaichi Qehwa,170,3,2025-04-02,
70,10,Blueberry Soda,270,4,2026-02-10,
71,11,Aloo Paratha,520,9,2024-11-14,
72,12,Daal Raita,360,10,2026-02-28,
73,1,Loaded Spring Rolls,470,7,2023-08-31,
74,2,Achari Sajji,1200,23,2026-01-31,
75,3,Desi Style Zinger Sandwich,460,14,2023-06-12,
76,4,Desi White Chicken Karahi,780,30,2025-04-29,
77,5,Dum Mutton Pulao,900,23,2023-08-13,
78,6,Spicy Arrabbiata Vegetable Chowmein,1090,17,2023-05-22,
79,7,Tandoori Pizza,850,18,2025-11-13,
80,8,Kesar Pista Gulab Jamun,350,6,2025-10-17,
81,9,Kashmiri Chai,-100,4,2026-03-28,
82,10,Chocolate Sharbat,260,5,2023-09-14,
83,11,Keema Wrap,500,11,2025-09-10,
84,12,Mix Veg Daal Chana,440,10,2024-04-14,
85,1,Honey Mustard Fries,250,12,2024-07-17,
86,2,Chargha Style Chicken Chargha,1420,19,2024-07-14,
87,3,Classic Chicken Sandwich,380,12,2026-03-28,
88,4,Makhni Paneer Karahi,580,23,2022-10-09,
89,5,Kachay Gosht Ki Mutton Biryani,810,23,2025-03-17,
90,6,Creamy Alfredo Beef Chowmein,550,12,2025-01-04,
91,7,Chicken Tikka Pizza,1290,17,2025-01-30,
92,8,Lotus Biscoff Ice Cream,550,10,2026-02-25,
93,9,Peshawari Qehwa Coffee,320,8,2024-03-29,
94,10,Rose Soda,380,2,2023-07-14,
95,11,Aloo Frankie,490,9,2026-05-09,
96,12,Daal Daal Mash,240,11,2023-12-08,
97,1,Crispy Nuggets,570,5,2023-04-16,
98,2,Tikka Malai Boti,1060,29,2024-03-04,
99,3,Zafrani Beef Wrap,770,11,2025-08-12,
100,4,Kala Namak Paneer Handi,790,33,2025-12-16,
101,5,Kachay Gosht Ki Prawn Pulao,740,18,2022-12-13,
102,6,Schezwan Vegetable Noodles,1050,16,2024-10-10,
103,7,Tandoori Supreme Pizza,1010,13,2022-12-03,
104,8,Rabri Gulab Jamun,520,5,2023-03-09,
105,9,Green Coffee,240,7,2023-06-26,
106,10,Strawberry Soda,360,6,2026-02-10,
107,11,Malai Boti Frankie,460,14,2025-09-04,
108,12,Bhindi Chutney,-100,14,2024-01-06,
109,1,Chatpata Nuggets,550,9,2024-10-17,
110,2,Behari Beef Boti,520,23,2024-12-07,
111,3,Grilled Bihari Boti Wrap,780,9,2026-04-19,
112,4,Koyla Mutton Balti,960,35,2023-01-20,
113,5,Special VIP Mutton Pulao,830,20,2025-07-20,
114,6,Peri Peri Prawn Noodles,640,12,2023-05-02,
115,7,Loaded Meat Pizza,2120,13,2023-03-07,
116,8,Chilled Gulab Jamun,360,10,2024-04-03,
117,9,Doodh Patti Chai,230,7,2024-04-04,
118,10,Mango Lemonade,180,4,2026-08-02,
119,11,Achari Wrap,590,6,2025-11-24,
120,12,Palak Salad,280,15,2026-08-08,
121,1,Loaded Fries,460,5,2024-02-26,
122,2,Kasturi Tikka Leg Piece,540,20,2023-03-29,
123,3,Spicy Club Sandwich,730,12,2023-10-16,
124,4,Peshawari Beef Handi,1250,23,2025-01-16,
125,5,Nawabi Beef Rice,820,26,2025-02-12,
126,6,Chilli Garlic Chicken Spaghetti,990,16,2025-04-19,
127,7,Malai Boti Pizza,1670,22,2023-09-23,
128,8,Rabri Kulfi,300,7,2026-04-30,
129,9,Elaichi Tea,290,4,2022-09-03,
130,10,Mint Lemonade,460,4,2026-05-22,
131,11,Beef Wrap,420,6,2025-11-11,
132,12,Palak Chutney,360,15,2024-10-24,
133,1,Masala Spring Rolls,510,11,2024-09-04,
134,2,Bihari Malai Boti,-100,16,2023-03-11,
135,3,Smoky Club Wrap,730,15,2023-07-15,
136,4,Koyla Chicken Handi,520,21,2022-09-21,
137,5,Karachi Style Chicken Pulao,410,25,2025-11-23,
138,6,Creamy Alfredo Beef Pasta,600,15,2023-02-06,
139,7,Achari Chicken Supreme Pizza,1620,13,2024-05-20,
140,8,Kesar Pista Kheer,690,8,2023-01-21,
141,9,Karak Qehwa,310,3,2026-05-21,
142,10,Blueberry Lassi,400,2,2025-01-11,
143,11,Seekh Kebab Wrap,590,7,2024-11-21,
144,12,Mix Veg Chutney,240,12,2022-10-12,
145,1,Garlic Chicken Rolls,-100,9,2023-12-24,
146,2,Peshawari Chops,0,18,2025-12-10,
147,3,Double Bihari Boti Cheese Burger,640,9,2025-11-15,
148,4,Peshawari Mutton Karahi,1040,23,2026-03-12,
149,5,Sindhi Beef Pulao,0,23,2022-12-16,
150,6,Chinese Style Beef Chowmein,-100,15,2023-02-08,
