promotion_id,name,discount_type,discount_value,start_date,end_date,restaurant_id,item_id,minimum_order_value,coupon_code
1,Ramadan Sehri Special,Flat,150,2025-04-20,2025-04-25,17,1,750.0,
2,Stock Clearance Deal,Flat,250,2025-12-28,2025-12-31,3,127,2000.0,
3,Happy Hour,Percentage,5,2026-07-27,2026-07-30,14,14,,
4,Ramadan Sehri Special,Flat,300,2025-06-10,2025-06-17,10,14,2500.0,
5,Winter Special,Flat,250,2025-12-25,2025-12-28,8,90,2500.0,SAVE39
6,Stock Clearance Deal,Flat,300,2026-04-19,2026-04-22,13,85,2000.0,
7,Chef's Special,Percentage,30,2025-08-15,2025-08-20,18,72,1000.0,
8,Defence Day Deal,Flat,100,2025-06-04,2025-06-18,13,34,,
9,Friday Feast,Flat,200,2025-04-08,2025-04-11,16,1,500.0,
10,Defence Day Deal,Flat,150,2026-06-02,2026-06-07,13,53,,
11,Limited Time Deal,Flat,300,2025-08-30,2025-09-04,10,8,,SAVE68
12,Eid Family Feast,Flat,300,2026-08-03,2026-08-17,13,124,,SAVE11
13,Midnight Deal,Percentage,20,2026-08-25,2026-08-31,18,41,750.0,
14,Independence Day Special,Flat,500,2026-07-10,2026-07-24,4,146,2500.0,SAVE86
15,Payday Special,Flat,300,2025-03-04,2025-04-03,1,17,750.0,
16,Delivery Special,Flat,100,2026-01-25,2026-01-28,17,2,2000.0,SAVE28
17,Ramadan Sehri Special,Flat,250,2026-08-18,2026-08-21,16,125,750.0,SAVE66
18,Friday Feast,Percentage,30,2025-05-31,2025-06-14,5,3,500.0,
19,Chef's Special,Flat,300,2025-09-02,2025-09-04,9,123,,
20,Monsoon Deal,Percentage,25,2025-04-07,2025-04-21,1,138,,
21,Limited Time Deal,Percentage,15,2025-03-16,2025-03-19,1,10,500.0,SAVE51
22,Chef's Special,Percentage,30,2026-03-24,2026-03-29,5,148,750.0,
23,Lunch Special,Percentage,25,2025-06-15,2025-06-29,14,149,750.0,SAVE46
24,Midnight Deal,Percentage,15,2026-05-18,2026-06-17,17,97,2000.0,
25,Fresh Stock Special,Percentage,5,2026-01-06,2026-01-09,10,12,500.0,SAVE65
26,Weekend Special,Flat,150,2025-12-28,2026-01-04,20,107,1500.0,
27,Family Dinner Deal,Percentage,10,2026-03-02,2026-04-01,13,5,1500.0,SAVE89
28,Stock Clearance Deal,Flat,500,2026-03-31,2026-04-02,2,91,1000.0,
29,Online Order Deal,Flat,300,2025-09-24,2025-10-15,16,95,,SAVE78
30,Fresh Stock Special,Percentage,25,2025-08-03,2025-08-06,6,27,2000.0,
31,Eid Special,Percentage,20,2026-01-19,2026-02-02,14,83,500.0,SAVE62
32,Summer Special,Flat,150,2026-06-05,2026-06-08,11,37,750.0,
33,Online Order Deal,Percentage,15,2026-02-28,2026-03-03,14,67,1500.0,
34,Ramadan Iftar Deal,Flat,250,2026-02-04,2026-02-07,3,119,,SAVE13
35,Student Special,Flat,200,2026-04-02,2026-04-23,12,30,2500.0,
36,Eid Special,Percentage,25,2025-03-20,2025-04-19,15,83,1000.0,
37,Delivery Special,Percentage,20,2025-07-29,2025-08-08,9,27,1000.0,
38,Student Special,Percentage,25,2025-10-07,2025-10-28,15,39,2000.0,
39,Limited Time Deal,Flat,250,2025-07-21,2025-07-24,6,19,750.0,
40,Summer Special,Flat,100,2026-05-18,2026-05-28,11,59,2500.0,SAVE44
41,Delivery Special,Percentage,25,2025-07-29,2025-08-03,4,130,1000.0,
42,Lunch Special,Flat,250,2025-05-21,2025-06-04,7,29,,SAVE80
43,Eid Family Feast,Percentage,5,2026-02-02,2026-02-07,12,69,,
44,Ramadan Iftar Deal,Flat,150,2025-08-28,2025-09-07,19,31,,
45,Summer Special,Flat,200,2026-06-05,2026-06-08,12,126,2500.0,
46,Limited Time Deal,Flat,200,2026-04-28,2026-05-02,8,60,500.0,
47,Chef's Special,Percentage,10,2025-12-30,2026-01-03,10,115,2500.0,SAVE99
48,Midnight Deal,Flat,200,2025-08-15,2025-08-20,3,51,,SAVE55
49,Chef's Special,Flat,150,2025-11-09,2025-11-11,8,36,1000.0,SAVE77
50,Stock Clearance Deal,Percentage,25,2026-08-08,2026-08-12,2,90,1000.0,
51,Fresh Stock Special,Flat,150,2025-06-24,2025-06-27,14,87,2500.0,
52,Stock Clearance Deal,Percentage,30,2025-10-22,2025-10-25,19,138,1000.0,
53,Limited Time Deal,Flat,150,2025-04-08,2025-04-11,2,136,,SAVE60
54,Limited Time Deal,Flat,250,2026-08-26,2026-08-30,3,37,1000.0,
55,Ramadan Sehri Special,Flat,300,2026-08-23,2026-08-31,1,138,750.0,
56,Family Dinner Deal,Flat,100,2025-10-23,2025-10-30,10,16,1500.0,
57,Chef's Special,Flat,150,2026-01-29,2026-02-03,8,82,750.0,SAVE87
58,Student Special,Flat,100,2026-04-27,2026-05-02,19,27,750.0,SAVE41
59,Defence Day Deal,Percentage,5,2025-08-30,2025-09-13,11,20,2500.0,
60,Eid Special,Flat,500,2025-12-10,2025-12-15,15,14,1000.0,
61,Lunch Special,Percentage,30,2025-12-08,2026-01-07,9,84,,
62,Happy Hour,Percentage,5,2026-02-07,2026-02-21,14,79,,
63,Stock Clearance Deal,Percentage,25,2026-01-19,2026-01-23,12,23,,
64,Fresh Stock Special,Flat,500,2026-08-27,2026-08-31,19,76,2000.0,SAVE93
65,Chef's Special,Percentage,10,2025-11-10,2025-11-12,5,21,500.0,
66,Ramadan Sehri Special,Percentage,10,2025-10-29,2025-11-05,11,142,500.0,SAVE64
67,Monsoon Deal,Percentage,15,2026-05-22,2026-06-05,10,122,2000.0,
68,New Year Special,Percentage,5,2025-03-23,2025-03-30,7,72,2000.0,
69,Chef's Special,Percentage,10,2025-08-21,2025-08-25,8,5,,SAVE77
70,Midnight Deal,Flat,200,2026-04-25,2026-05-25,2,62,,
71,Online Order Deal,Percentage,5,2025-11-21,2025-11-24,17,142,2500.0,
72,Online Order Deal,Percentage,30,2026-02-05,2026-03-07,2,71,,
73,Eid Special,Percentage,30,2025-10-19,2025-11-09,14,74,1500.0,SAVE77
74,Defence Day Deal,Percentage,20,2026-03-14,2026-03-19,2,99,1000.0,SAVE41
75,Stock Clearance Deal,Percentage,20,2026-01-15,2026-01-19,8,44,,
76,Online Order Deal,Percentage,20,2025-05-04,2025-06-03,12,21,2000.0,
77,Weekend Special,Percentage,30,2026-03-17,2026-04-07,8,59,1500.0,
78,Weekend Special,Percentage,15,2026-02-07,2026-02-17,14,147,,
79,Weekend Special,Percentage,25,2025-05-23,2025-05-26,3,95,750.0,
80,Weekend Special,Flat,100,2025-11-04,2025-11-14,6,11,1500.0,
81,Limited Time Deal,Flat,100,2026-03-22,2026-03-27,9,79,500.0,
82,Fresh Stock Special,Percentage,25,2026-07-08,2026-07-12,20,24,,
83,Ramadan Iftar Deal,Percentage,15,2025-11-15,2025-11-25,3,34,750.0,SAVE14
84,Lunch Special,Percentage,5,2026-01-13,2026-01-20,10,69,500.0,
85,Student Special,Percentage,10,2025-10-13,2025-11-03,6,137,1000.0,SAVE48
86,Defence Day Deal,Percentage,10,2026-04-10,2026-04-20,6,45,2500.0,
87,Fresh Stock Special,Flat,200,2025-04-07,2025-04-12,19,116,,
88,Happy Hour,Percentage,30,2026-05-21,2026-05-28,4,25,1500.0,
89,Stock Clearance Deal,Flat,200,2025-09-28,2025-10-03,12,3,1500.0,
90,Stock Clearance Deal,Flat,300,2026-07-05,2026-07-07,2,121,2000.0,SAVE87
91,Monsoon Deal,Flat,100,2026-08-19,2026-08-22,9,93,,
92,Family Dinner Deal,Flat,200,2025-12-18,2026-01-17,17,68,750.0,SAVE45
93,Limited Time Deal,Percentage,15,2025-08-21,2025-08-23,19,123,1500.0,
94,Limited Time Deal,Percentage,15,2026-02-06,2026-02-11,18,7,500.0,SAVE62
95,Weekend Special,Percentage,30,2025-09-13,2025-10-04,17,22,2500.0,
96,Chef's Special,Flat,200,2025-04-07,2025-04-10,16,66,,
97,Student Special,Flat,500,2025-08-31,2025-09-14,8,77,500.0,
98,Fresh Stock Special,Flat,150,2025-12-30,2026-01-04,18,20,500.0,SAVE87
99,Chef's Special,Flat,150,2025-05-11,2025-05-13,18,106,500.0,
100,Winter Special,Flat,250,2025-06-27,2025-07-11,20,88,2000.0,SAVE74
